slug,teamName,abbreviation,seasonMin,seasonMax,seasonCount,playerSeasonRows
a-m-commerce,"A&M-Commerce",A&M-CO,2018-19,2023-24,3,37
a-m-texarkana,"A&M Texarkana",AT,2024-25,2024-25,1,12
aamu,"AAMU",AAMU,2018-19,2025-26,8,120
abil-christian,"Abil.Christian",ABIL.C,2013-14,2017-18,5,64
academy-of-art,"Academy of Art",AOA,2011-12,2011-12,1,10
acu,"ACU",ACU,2018-19,2025-26,8,116
adams-st,"Adams St.",AS,2014-15,2017-18,3,35
adrian,"Adrian",ADRIAN,2016-17,2020-21,2,29
air-force,"Air Force",AF,2010-11,2025-26,16,294
akron,"Akron",AKRON,2010-11,2025-26,16,240
al-huntsville,"Al.-Huntsville",AL.-HU,2012-13,2013-14,2,24
alabama,"Alabama",ALABAM,2010-11,2025-26,16,239
alabama-a-m,"Alabama A&M",AA,2010-11,2017-18,8,144
alabama-st,"Alabama St.",AS,2010-11,2025-26,16,255
alaska-anch,"Alaska-Anch.",ALASKA,2011-12,2018-19,8,89
albany,"Albany",ALBANY,2010-11,2025-26,16,233
albany-st,"Albany St.",AS,2015-16,2023-24,3,34
albertus-magnus,"Albertus Magnus",AM,2012-13,2013-14,2,23
albion,"Albion",ALBION,2013-14,2018-19,4,56
albright,"Albright",ALBRIG,2011-12,2011-12,1,15
alcorn-st,"Alcorn St.",AS,2010-11,2025-26,16,260
alfred-st,"Alfred St.",AS,2014-15,2014-15,1,13
alice-lloyd,"Alice Lloyd",AL,2011-12,2024-25,8,111
allen,"Allen",ALLEN,2011-12,2018-19,8,112
alma,"Alma",ALMA,2014-15,2019-20,3,41
amc,"AMC",AMC,2023-24,2023-24,1,15
american,"American",AMERIC,2010-11,2025-26,16,244
anderson,"Anderson",ANDERS,2019-20,2024-25,3,30
anderson-in,"Anderson IN",AI,2011-12,2017-18,4,49
anderson-sc,"Anderson SC",AS,2012-13,2016-17,2,23
andrews,"Andrews",ANDREW,2023-24,2023-24,1,15
angelo-st,"Angelo St.",AS,2015-16,2023-24,3,32
antelope-valley,"Antelope Valley",AV,2015-16,2023-24,6,70
app-state,"App State",AS,2018-19,2025-26,8,112
appalachian-st,"Appalachian St.",AS,2010-11,2017-18,8,140
apprentice,"Apprentice",APPREN,2019-20,2024-25,3,39
aquinas-coll,"Aquinas Coll.",AC,2014-15,2024-25,6,82
arcadia,"Arcadia",ARCADI,2011-12,2023-24,4,48
ariz-christian,"Ariz.Christian",ARIZ.C,2011-12,2016-17,5,66
arizona,"Arizona",ARIZON,2010-11,2025-26,16,254
arizona-st,"Arizona St.",AS,2010-11,2025-26,16,244
ark-fort-smith,"Ark.-Fort Smith",AS,2013-14,2017-18,5,53
ark-monticello,"Ark.-Monticello",ARK.-M,2014-15,2016-17,3,31
ark-pine-bluff,"Ark.-Pine Bluff",AB,2010-11,2017-18,8,144
arkansas,"Arkansas",ARKANS,2010-11,2025-26,16,230
arkansas-bapt,"Arkansas Bapt.",AB,2023-24,2024-25,2,25
arkansas-st,"Arkansas St.",AS,2010-11,2025-26,16,225
arkansas-tech,"Arkansas Tech",AT,2014-15,2019-20,3,37
arlington-baptist,"Arlington Baptist",AB,2011-12,2024-25,12,158
army,"Army",ARMY,2010-11,2025-26,16,336
asbury,"Asbury",ASBURY,2011-12,2024-25,6,89
asu,"ASU",ASU,2020-21,2023-24,2,23
auburn,"Auburn",AUBURN,2010-11,2025-26,16,269
auburn-montgomery,"Auburn-Montgomery",AUBURN,2013-14,2015-16,3,33
augusta,"Augusta",AUGUST,2024-25,2024-25,1,8
augustana-il,"Augustana IL",AI,2017-18,2017-18,1,12
aum,"AUM",AUM,2019-20,2024-25,2,24
aurora,"Aurora",AURORA,2014-15,2024-25,3,40
austin,"Austin",AUSTIN,2011-12,2016-17,4,71
austin-peay,"Austin Peay",AP,2018-19,2025-26,8,109
austin-peay-st,"Austin Peay St.",APS,2010-11,2017-18,8,118
ave-maria,"Ave Maria",AM,2011-12,2023-24,9,100
averett,"Averett",AVERET,2011-12,2024-25,7,100
avila,"Avila",AVILA,2014-15,2024-25,6,79
bacone,"Bacone",BACONE,2011-12,2020-21,4,46
baker,"Baker",BAKER,2014-15,2014-15,1,12
ball-st,"Ball St.",BS,2010-11,2025-26,16,235
barber-scotia,"Barber Scotia",BS,2011-12,2014-15,3,27
barclay,"Barclay",BARCLA,2017-18,2017-18,1,12
bard,"Bard",BARD,2023-24,2023-24,1,11
baruch,"Baruch",BARUCH,2013-14,2023-24,2,23
baylor,"Baylor",BAYLOR,2010-11,2025-26,16,222
bcu,"BCU",BCU,2018-19,2025-26,7,98
belhaven,"Belhaven",BELHAV,2011-12,2023-24,5,58
bellarmine,"Bellarmine",BELLAR,2020-21,2025-26,6,83
bellevue,"Bellevue",BELLEV,2018-19,2023-24,2,22
belm-abbey,"Belm.Abbey",BELM.A,2015-16,2020-21,4,46
belmont,"Belmont",BELMON,2010-11,2025-26,16,245
bemidji-st,"Bemidji St.",BS,2017-18,2018-19,2,24
bened-mesa,"Bened.-Mesa",BENED.,2015-16,2017-18,3,36
bened-springfield,"Bened.-Springfield",BENED.,2012-13,2012-13,1,13
benedictine,"Benedictine",BENEDI,2018-19,2024-25,2,31
benedictine-ks,"Benedictine KS",BK,2011-12,2011-12,1,12
benum,"BENUM",BENUM,2018-19,2024-25,5,63
berea,"Berea",BEREA,2012-13,2023-24,5,61
berry,"Berry",BERRY,2014-15,2023-24,2,26
beth-cookman,"Beth.-Cookman",BETH.-,2010-11,2017-18,7,123
bethany-ks,"Bethany KS",BK,2017-18,2019-20,3,39
bethany-wv,"Bethany WV",BW,2017-18,2024-25,3,48
bethe-sda,"Bethe sda",BS,2024-25,2024-25,1,22
bethel-in,"Bethel IN",BI,2023-24,2023-24,1,11
bethel-tn,"Bethel TN",BT,2011-12,2024-25,10,133
bethesda,"Bethesda",BETHES,2013-14,2023-24,9,152
bgsu,"BGSU",BGSU,2018-19,2025-26,8,106
binghamton,"Binghamton",BINGHA,2010-11,2025-26,16,246
biola-ca,"Biola CA",BC,2015-16,2015-16,1,12
black-hills-st,"Black Hills St.",BHS,2013-14,2017-18,4,47
blackburn,"Blackburn",BLACKB,2023-24,2024-25,2,19
bloomsburg,"Bloomsburg",BLOOMS,2018-19,2023-24,2,24
blue-mountain,"Blue Mountain",BM,2011-12,2017-18,5,64
bluefield,"Bluefield",BLUEFI,2011-12,2024-25,9,108
bluefield-st,"Bluefield St.",BS,2013-14,2020-21,5,61
bluffton,"Bluffton",BLUFFT,2014-15,2024-25,2,35
bmc,"BMC",BMC,2018-19,2019-20,2,26
bmcu,"BMCU",BMCU,2023-24,2023-24,1,14
bob-jones,"Bob Jones",BJ,2013-14,2024-25,8,96
boise-st,"Boise St.",BS,2010-11,2025-26,16,230
boston-coll,"Boston Coll.",BC,2010-11,2025-26,16,260
boston-u,"Boston U.",BU,2010-11,2025-26,16,260
bowdoin,"Bowdoin",BOWDOI,2024-25,2024-25,1,11
bowie-st,"Bowie St.",BS,2015-16,2024-25,3,37
bowling-green,"Bowling Green",BG,2010-11,2017-18,8,148
boyce,"Boyce",BOYCE,2015-16,2024-25,6,79
bradley,"Bradley",BRADLE,2010-11,2025-26,16,248
brescia-ky,"Brescia KY",BK,2011-12,2024-25,11,156
brevard,"Brevard",BREVAR,2011-12,2024-25,10,127
brewton-parker,"Brewton Parker",BP,2011-12,2024-25,9,113
bridgewater,"Bridgewater",BRIDGE,2011-12,2023-24,8,106
bristol,"Bristol",BRISTO,2014-15,2016-17,3,36
brockport-st,"Brockport St.",BS,2024-25,2024-25,1,16
brown,"Brown",BROWN,2010-11,2025-26,15,253
bryan,"Bryan",BRYAN,2018-19,2024-25,4,55
bryant,"Bryant",BRYANT,2010-11,2025-26,16,264
bryn-athyn,"Bryn Athyn",BA,2015-16,2024-25,7,92
bsc,"BSC",BSC,2018-19,2023-24,3,46
bucknell,"Bucknell",BUCKNE,2010-11,2025-26,16,245
buena-vista,"Buena Vista",BV,2016-17,2018-19,2,30
buffalo,"Buffalo",BUFFAL,2010-11,2025-26,16,232
buffalo-st,"Buffalo St.",BS,2023-24,2023-24,1,15
butler,"Butler",BUTLER,2010-11,2025-26,16,239
bwu,"BWU",BWU,2024-25,2024-25,1,15
byu,"BYU",BYU,2010-11,2025-26,16,257
byu-hawaii,"BYU-Hawaii",BYU-HA,2011-12,2015-16,2,23
c-n,"C-N",C-N,2019-20,2019-20,1,11
cabrini,"Cabrini",CABRIN,2016-17,2016-17,1,11
cairn,"Cairn",CAIRN,2011-12,2024-25,9,119
cal-davis,"Cal-Davis",CAL-DA,2010-11,2017-18,8,135
cal-irvine,"Cal-Irvine",CAL-IR,2010-11,2017-18,8,139
cal-lutheran,"Cal Lutheran",CL,2011-12,2019-20,5,73
cal-maritime,"Cal Maritime",CM,2011-12,2024-25,5,69
cal-merced,"Cal Merced",CM,2013-14,2017-18,3,34
cal-poly,"Cal Poly",CP,2018-19,2025-26,8,112
cal-poly-slo,"Cal Poly - SLO",CP-S,2010-11,2017-18,8,155
cal-riverside,"Cal-Riverside",CAL-RI,2010-11,2017-18,8,140
cal-san-diego,"Cal-San Diego",CD,2014-15,2015-16,2,27
cal-santa-cruz,"Cal-Santa Cruz",CC,2011-12,2017-18,3,38
cal-tech,"Cal Tech",CT,2018-19,2018-19,1,10
caldwell,"Caldwell",CALDWE,2013-14,2019-20,3,34
california,"California",CALIFO,2010-11,2025-26,16,252
california-tech,"California Tech",CT,2016-17,2016-17,1,15
calumet,"Calumet",CALUME,2011-12,2024-25,3,40
calvary,"Calvary",CALVAR,2018-19,2018-19,1,12
calvary-bible,"Calvary Bible",CB,2017-18,2024-25,2,22
calvin,"Calvin",CALVIN,2020-21,2020-21,1,11
cameron,"Cameron",CAMERO,2011-12,2014-15,3,36
camp-harrodsburg,"Camp-Harrodsburg",CAMP-H,2018-19,2024-25,4,50
campbell,"Campbell",CAMPBE,2010-11,2025-26,16,265
campbellsville,"Campbellsville",CAMPBE,2013-14,2024-25,5,53
canisius,"Canisius",CANISI,2010-11,2025-26,16,235
canton,"Canton",CANTON,2023-24,2024-25,2,38
capital,"Capital",CAPITA,2014-15,2024-25,2,28
carlow,"Carlow",CARLOW,2020-21,2020-21,1,8
carolina,"Carolina",CAROLI,2018-19,2024-25,4,51
carolina-christian,"Carolina Christian",CC,2023-24,2024-25,2,21
carroll-mt,"Carroll MT",CM,2012-13,2023-24,6,74
carver-bible,"Carver Bible",CB,2011-12,2020-21,5,63
case-w-reserve,"Case W.Reserve",CW,2014-15,2014-15,1,14
catawba,"Catawba",CATAWB,2014-15,2020-21,3,31
catholic,"Catholic",CATHOL,2013-14,2017-18,3,37
cbc,"CBC",CBC,2020-21,2020-21,1,10
cbs-houston,"CBS Houston",CH,2023-24,2024-25,2,27
cbu,"CBU",CBU,2018-19,2025-26,8,100
ccny,"CCNY",CCNY,2013-14,2018-19,3,38
ccsu,"CCSU",CCSU,2018-19,2025-26,8,106
ccu,"CCU",CCU,2018-19,2024-25,5,62
cedarville,"Cedarville",CEDARV,2011-12,2020-21,5,58
cent-arkansas,"Cent Arkansas",CA,2018-19,2025-26,8,110
cent-arkansas,"Cent.Arkansas",CENT.A,2010-11,2017-18,8,149
cent-baptist,"Cent.Baptist",CENT.B,2012-13,2016-17,5,75
cent-cc-bible,"Cent.CC Bible",CB,2019-20,2023-24,2,23
cent-conn-st,"Cent.Conn.St.",CENT.C,2010-11,2017-18,8,134
cent-florida,"Cent.Florida",CENT.F,2010-11,2017-18,8,137
cent-methodist,"Cent.Methodist",CENT.M,2011-12,2013-14,2,22
cent-michigan,"Cent.Michigan",CENT.M,2010-11,2017-18,8,152
cent-penn,"Cent.Penn",CENT.P,2011-12,2024-25,11,157
cent-washington,"Cent.Washington",CENT.W,2016-17,2016-17,1,9
centenary-la,"Centenary LA",CL,2010-11,2019-20,10,150
centenary-nj,"Centenary NJ",CN,2017-18,2019-20,3,36
central-st,"Central St.",CS,2018-19,2024-25,3,38
central-state,"Central State",CS,2015-16,2017-18,2,27
chadron-st,"Chadron St.",CS,2011-12,2024-25,4,42
chaminade,"Chaminade",CHAMIN,2011-12,2023-24,9,111
champion,"Champion",CHAMPI,2011-12,2024-25,10,127
chapman,"Chapman",CHAPMA,2011-12,2024-25,5,66
charleston,"Charleston",CHARLE,2010-11,2025-26,16,255
charleston-so,"Charleston So.",CS,2010-11,2025-26,16,256
charlotte,"Charlotte",CHARLO,2010-11,2025-26,16,238
chatham,"Chatham",CHATHA,2016-17,2024-25,2,36
chattanooga,"Chattanooga",CHATTA,2010-11,2025-26,16,248
chestnut-hill,"Chestnut Hill",CH,2013-14,2024-25,6,67
cheyney,"Cheyney",CHEYNE,2011-12,2024-25,6,70
chicago-st,"Chicago St.",CS,2010-11,2025-26,16,254
chicago-univ,"Chicago Univ.",CU,2019-20,2019-20,1,12
chowan,"Chowan",CHOWAN,2011-12,2020-21,6,72
christendom,"Christendom",CHRIST,2017-18,2024-25,5,43
cinc-clermont,"Cinc.-Clermont",CINC.-,2014-15,2019-20,4,45
cincin-christian,"Cincin.Christian",CINCIN,2012-13,2015-16,4,46
cincinnati,"Cincinnati",CINCIN,2010-11,2025-26,16,243
citadel,"Citadel",CITADE,2010-11,2025-26,16,225
ciu,"CIU",CIU,2018-19,2024-25,5,75
claflin,"Claflin",CLAFLI,2011-12,2016-17,3,28
clarion,"Clarion",CLARIO,2018-19,2018-19,1,10
clark-atlanta,"Clark Atlanta",CA,2023-24,2023-24,1,11
clark-summit,"Clark Summit",CS,2013-14,2019-20,6,81
clarks-summit,"Clarks Summit",CS,2023-24,2023-24,1,20
clayton-st,"Clayton St.",CS,2014-15,2014-15,1,9
clearwater-chr,"Clearwater Chr.",CC,2013-14,2013-14,1,10
cleary,"Cleary",CLEARY,2023-24,2024-25,2,25
clemson,"Clemson",CLEMSO,2010-11,2025-26,16,246
cleveland-st,"Cleveland St.",CS,2010-11,2017-18,8,142
cmu,"CMU",CMU,2018-19,2025-26,8,113
co-carolina,"Co.Carolina",CO.CAR,2010-11,2017-18,8,143
co-georgia,"Co.Georgia",CO.GEO,2011-12,2024-25,8,93
coast-guard,"Coast Guard",CG,2013-14,2023-24,3,38
coastal,"Coastal",COASTA,2018-19,2025-26,8,99
coe,"Coe",COE,2013-14,2023-24,6,104
coker,"Coker",COKER,2011-12,2023-24,9,111
colby-sawyer,"Colby-Sawyer",COLBY-,2023-24,2024-25,2,29
colgate,"Colgate",COLGAT,2010-11,2025-26,16,260
college-of-faith,"College of Faith",COF,2014-15,2014-15,1,10
colorado,"Colorado",COLORA,2010-11,2025-26,16,251
colorado-christian,"Colorado Christian",CC,2011-12,2016-17,5,63
colorado-coll,"Colorado Coll.",CC,2013-14,2024-25,5,78
colorado-mesa,"Colorado Mesa",CM,2013-14,2017-18,2,27
colorado-springs,"Colorado Springs",CS,2013-14,2013-14,1,15
colorado-st,"Colorado St.",CS,2010-11,2025-26,16,226
columbia,"Columbia",COLUMB,2010-11,2025-26,15,275
columbia-internat,"Columbia Internat.",CI,2013-14,2017-18,5,65
columbia-sc,"Columbia SC",CS,2024-25,2024-25,1,11
columbus-st,"Columbus St.",CS,2013-14,2020-21,2,23
concord,"Concord",CONCOR,2017-18,2019-20,2,25
concordia-al,"Concordia AL",CA,2011-12,2017-18,3,36
concordia-il,"Concordia IL",CI,2018-19,2019-20,2,30
concordia-mi,"Concordia MI",CM,2011-12,2024-25,7,103
concordia-mn,"Concordia MN",CM,2023-24,2023-24,1,14
concordia-ne,"Concordia NE",CN,2017-18,2017-18,1,15
concordia-or,"Concordia OR",CO,2011-12,2016-17,4,49
concordia-sp,"Concordia-SP",CONCOR,2024-25,2024-25,1,13
concordia-st-paul,"Concordia-St.Paul",CONCOR,2014-15,2017-18,2,18
concordia-tx,"Concordia TX",CT,2018-19,2019-20,2,23
concordia-wi,"Concordia WI",CW,2019-20,2019-20,1,10
connecticut,"Connecticut",CONNEC,2010-11,2017-18,8,144
connecticut-c,"Connecticut C.",CC,2019-20,2019-20,1,14
coppin-st,"Coppin St.",CS,2010-11,2025-26,16,248
corban,"Corban",CORBAN,2012-13,2024-25,5,56
cornell,"Cornell",CORNEL,2010-11,2025-26,15,293
cornell-coll,"Cornell Coll.",CC,2017-18,2019-20,2,31
cortland-st,"Cortland St.",CS,2018-19,2019-20,2,28
covenant,"Covenant",COVENA,2011-12,2023-24,7,102
crc,"CRC",CRC,2019-20,2024-25,3,42
creighton,"Creighton",CREIGH,2010-11,2025-26,16,246
crowleys-ridge,"Crowleys Ridge",CR,2011-12,2016-17,6,77
crown,"Crown",CROWN,2016-17,2024-25,4,62
cs-dominguez-h,"CS Dominguez H.",CDH,2011-12,2016-17,5,51
cs-east-bay,"CS East Bay",CEB,2014-15,2016-17,3,36
cs-fullerton,"CS Fullerton",CF,2010-11,2025-26,16,247
cs-los-angeles,"CS Los Angeles",CLA,2014-15,2019-20,5,55
cs-monterey,"CS Monterey",CM,2011-12,2017-18,3,33
cs-northridge,"CS Northridge",CN,2010-11,2017-18,8,147
cs-san-marcos,"CS San Marcos",CSM,2011-12,2012-13,2,20
cs-stanislaus,"CS Stanislaus",CS,2018-19,2024-25,4,55
csc,"CSC",CSC,2020-21,2020-21,1,11
csu,"CSU",CSU,2018-19,2025-26,8,110
csu-bakersfield,"CSU Bakersfield",CB,2010-11,2017-18,8,139
csu-pueblo,"CSU-Pueblo",CSU-PU,2020-21,2023-24,2,23
csub,"CSUB",CSUB,2018-19,2025-26,8,99
csudh,"CSUDH",CSUDH,2018-19,2023-24,2,23
csun,"CSUN",CSUN,2018-19,2025-26,8,103
csusb,"CSUSB",CSUSB,2019-20,2019-20,1,13
csusm,"CSUSM",CSUSM,2018-19,2018-19,1,9
cui,"CUI",CUI,2020-21,2023-24,2,21
culver-stockton,"Culver Stockton",CS,2017-18,2017-18,1,15
cumberland,"Cumberland",CUMBER,2011-12,2019-20,5,60
cumberlands,"Cumberlands",CUMBER,2024-25,2024-25,1,13
cune,"CUNE",CUNE,2018-19,2018-19,1,15
curry,"Curry",CURRY,2017-18,2023-24,3,43
cwu,"CWU",CWU,2018-19,2018-19,1,13
d-youville,"D'Youville",D'YOUV,2023-24,2023-24,1,12
dakota-st,"Dakota St.",DS,2011-12,2017-18,3,32
dallas,"Dallas",DALLAS,2023-24,2024-25,2,31
dallas-baptist,"Dallas Baptist",DB,2013-14,2013-14,1,9
dallas-christian,"Dallas Christian",DC,2011-12,2024-25,12,146
dalton-st,"Dalton St.",DS,2013-14,2024-25,5,57
daniel-webster,"Daniel Webster",DW,2013-14,2016-17,4,55
dartmouth,"Dartmouth",DARTMO,2010-11,2025-26,15,259
davenport,"Davenport",DAVENP,2019-20,2024-25,3,32
davidson,"Davidson",DAVIDS,2010-11,2025-26,16,271
davis-elkins,"Davis & Elkins",D&E,2018-19,2024-25,2,31
dayton,"Dayton",DAYTON,2010-11,2025-26,16,259
dean,"Dean",DEAN,2016-17,2024-25,2,26
defiance,"Defiance",DEFIAN,2013-14,2024-25,6,93
delaware,"Delaware",DELAWA,2010-11,2025-26,16,247
delaware-st,"Delaware St.",DS,2010-11,2025-26,16,280
delta-st,"Delta St.",DS,2019-20,2023-24,2,21
delval,"DelVal",DELVAL,2023-24,2023-24,1,14
denison,"Denison",DENISO,2015-16,2015-16,1,15
denver,"Denver",DENVER,2010-11,2025-26,16,249
depaul,"DePaul",DEPAUL,2010-11,2025-26,16,243
depauw,"DePauw",DEPAUW,2023-24,2023-24,1,15
desales,"DeSales",DESALE,2018-19,2018-19,1,14
detroit,"Detroit",DETROI,2018-19,2025-26,8,115
detroit-mercy,"Detroit Mercy",DM,2010-11,2017-18,8,130
dickinson,"Dickinson",DICKIN,2024-25,2024-25,1,14
dickinson-st,"Dickinson St.",DS,2014-15,2024-25,5,56
dillard,"Dillard",DILLAR,2011-12,2024-25,7,85
district-of-col,"District of Col.",DOC,2011-12,2011-12,1,10
dixie-st,"Dixie St.",DS,2018-19,2021-22,3,39
doane,"Doane",DOANE,2016-17,2023-24,5,73
dominican-ca,"Dominican CA",DC,2012-13,2012-13,1,10
dominican-il,"Dominican IL",DI,2018-19,2018-19,1,18
drake,"Drake",DRAKE,2010-11,2025-26,16,238
drexel,"Drexel",DREXEL,2010-11,2025-26,16,244
dubuque,"Dubuque",DUBUQU,2015-16,2024-25,4,66
duke,"Duke",DUKE,2010-11,2025-26,16,233
duquesne,"Duquesne",DUQUES,2010-11,2025-26,16,266
dwu,"DWU",DWU,2023-24,2024-25,2,34
e-carolina,"E.Carolina",E.CARO,2010-11,2017-18,8,148
e-h,"E&H",E&H,2019-20,2019-20,1,11
e-illinois,"E.Illinois",E.ILLI,2010-11,2017-18,8,147
e-kentucky,"E.Kentucky",E.KENT,2010-11,2017-18,8,149
e-mennonite,"E.Mennonite",E.MENN,2015-16,2018-19,3,41
e-michigan,"E.Michigan",E.MICH,2010-11,2017-18,8,144
e-new-mexico,"E.New Mexico",EM,2011-12,2017-18,4,47
e-oregon,"E.Oregon",E.OREG,2014-15,2024-25,6,72
e-tenn-st,"E.Tenn.St.",E.TENN,2010-11,2017-18,8,139
e-texas-baptist,"E.Texas Baptist",EB,2011-12,2017-18,2,26
e-washington,"E.Washington",E.WASH,2010-11,2017-18,8,145
earlham,"Earlham",EARLHA,2013-14,2024-25,5,65
east-central,"East Central",EC,2015-16,2017-18,3,36
east-west,"East-West",EAST-W,2016-17,2024-25,5,67
eastern,"Eastern",EASTER,2013-14,2017-18,2,27
ecclesia,"Ecclesia",ECCLES,2011-12,2024-25,11,122
eckerd,"Eckerd",ECKERD,2013-14,2015-16,3,34
ecsu,"ECSU",ECSU,2023-24,2024-25,2,30
ecu,"ECU",ECU,2018-19,2025-26,8,115
edinboro,"Edinboro",EDINBO,2019-20,2019-20,1,11
edward-waters,"Edward Waters",EW,2012-13,2017-18,6,63
eiu,"EIU",EIU,2018-19,2025-26,8,110
eku,"EKU",EKU,2018-19,2025-26,8,107
elizabeth-city,"Elizabeth City",EC,2011-12,2017-18,3,36
elizabethtown,"Elizabethtown",ELIZAB,2019-20,2019-20,1,15
elmhurst,"Elmhurst",ELMHUR,2013-14,2013-14,1,13
elmira,"Elmira",ELMIRA,2017-18,2019-20,3,47
elms,"Elms",ELMS,2018-19,2024-25,3,45
elon,"Elon",ELON,2010-11,2025-26,16,277
embry-riddle-aero,"Embry-Riddle Aero",EA,2015-16,2017-18,2,19
emerson,"Emerson",EMERSO,2014-15,2024-25,8,110
emmanuel-ga,"Emmanuel GA",EG,2015-16,2020-21,2,27
emory,"Emory",EMORY,2011-12,2017-18,2,21
emory-henry,"Emory & Henry",E&H,2011-12,2013-14,2,27
emporia-st,"Emporia St.",ES,2011-12,2020-21,5,59
emu,"EMU",EMU,2018-19,2025-26,8,108
endicott,"Endicott",ENDICO,2023-24,2024-25,2,26
enmu,"ENMU",ENMU,2018-19,2023-24,3,38
erau,"ERAU",ERAU,2024-25,2024-25,1,13
erskine,"Erskine",ERSKIN,2011-12,2024-25,6,101
etamu,"ETAMU",ETAMU,2024-25,2025-26,2,27
etbu,"ETBU",ETBU,2018-19,2020-21,3,35
etsu,"ETSU",ETSU,2018-19,2025-26,8,99
eureka,"Eureka",EUREKA,2011-12,2024-25,10,167
evangel,"Evangel",EVANGE,2017-18,2017-18,1,15
evansville,"Evansville",EVANSV,2010-11,2025-26,16,239
evergreen-st,"Evergreen St.",ES,2011-12,2024-25,5,58
ewc,"EWC",EWC,2018-19,2024-25,4,55
ewu,"EWU",EWU,2018-19,2025-26,8,101
fair-dickinson,"Fair Dickinson",FD,2010-11,2017-18,8,140
fairfield,"Fairfield",FAIRFI,2010-11,2025-26,16,253
fairmont-st,"Fairmont St.",FS,2012-13,2019-20,2,21
famu,"FAMU",FAMU,2018-19,2025-26,8,117
farmingdale-st,"Farmingdale St.",FS,2015-16,2015-16,1,14
fau,"FAU",FAU,2018-19,2025-26,8,100
fayetteville-st,"Fayetteville St.",FS,2013-14,2018-19,3,33
fdu,"FDU",FDU,2018-19,2025-26,8,104
fdu-florham,"FDU-Florham",FDU-FL,2014-15,2023-24,6,82
felician,"Felician",FELICI,2023-24,2023-24,1,10
ferris-st,"Ferris St.",FS,2011-12,2016-17,3,35
ferrum,"Ferrum",FERRUM,2013-14,2024-25,9,139
fgcu,"FGCU",FGCU,2010-11,2025-26,16,261
fhsu,"FHSU",FHSU,2020-21,2020-21,1,8
fhu,"FHU",FHU,2019-20,2020-21,2,21
findlay-oh,"Findlay OH",FO,2018-19,2018-19,1,11
fisher,"Fisher",FISHER,2012-13,2024-25,7,97
fisk,"Fisk",FISK,2011-12,2024-25,11,139
fiu,"FIU",FIU,2010-11,2025-26,16,245
flagler,"Flagler",FLAGLE,2014-15,2020-21,3,30
florida,"Florida",FLORID,2010-11,2025-26,16,241
florida-a-m,"Florida A&M",FA,2010-11,2017-18,8,150
florida-atlantic,"Florida Atlantic",FA,2010-11,2017-18,8,139
florida-christian,"Florida Christian",FC,2011-12,2012-13,2,33
florida-coll,"Florida Coll.",FC,2013-14,2020-21,8,105
florida-memorial,"Florida Memorial",FM,2013-14,2017-18,5,59
florida-national,"Florida National",FN,2013-14,2017-18,5,63
florida-southern,"Florida Southern",FS,2011-12,2011-12,1,12
florida-st,"Florida St.",FS,2010-11,2017-18,8,142
florida-tech,"Florida Tech",FT,2014-15,2024-25,7,81
fmu,"FMU",FMU,2018-19,2023-24,4,44
fnu,"FNU",FNU,2018-19,2024-25,4,46
fontbonne,"Fontbonne",FONTBO,2016-17,2018-19,3,50
fordham,"Fordham",FORDHA,2010-11,2025-26,16,262
fort-lewis,"Fort Lewis",FL,2011-12,2016-17,3,33
fpu,"FPU",FPU,2019-20,2024-25,3,48
francis-marion,"Francis Marion",FM,2015-16,2015-16,1,11
franciscan,"Franciscan",FRANCI,2017-18,2024-25,5,89
franklin,"Franklin",FRANKL,2024-25,2024-25,1,14
franklin-pierce,"Franklin Pierce",FP,2014-15,2014-15,1,12
fredonia-st,"Fredonia St.",FS,2011-12,2024-25,3,38
fresno-pacific,"Fresno Pacific",FP,2011-12,2023-24,6,60
fresno-st,"Fresno St.",FS,2010-11,2025-26,16,234
friends,"Friends",FRIEND,2023-24,2024-25,2,29
frostburg-st,"Frostburg St.",FS,2016-17,2024-25,4,50
fsc,"FSC",FSC,2019-20,2019-20,1,14
fsu,"FSU",FSU,2018-19,2025-26,8,156
ft-hays-state,"Ft.Hays State",FS,2016-17,2016-17,1,12
ft-valley-st,"Ft.Valley St.",FS,2011-12,2016-17,6,85
furman,"Furman",FURMAN,2010-11,2025-26,16,253
fvsu,"FVSU",FVSU,2018-19,2024-25,3,41
g-washington,"G.Washington",G.WASH,2010-11,2017-18,8,134
gallaudet,"Gallaudet",GALLAU,2015-16,2024-25,4,56
gannon,"Gannon",GANNON,2019-20,2019-20,1,13
gardner-webb,"Gardner-Webb",GARDNE,2010-11,2025-26,16,248
gbc,"GBC",GBC,2023-24,2023-24,1,9
gcu,"GCU",GCU,2018-19,2025-26,8,100
geneva,"Geneva",GENEVA,2012-13,2019-20,3,44
george-fox,"George Fox",GF,2012-13,2023-24,6,77
george-mason,"George Mason",GM,2010-11,2017-18,8,141
georgetown,"Georgetown",GEORGE,2010-11,2025-26,16,242
georgia,"Georgia",GEORGI,2010-11,2025-26,16,241
georgia-coll,"Georgia Coll.",GC,2018-19,2018-19,1,10
georgia-south,"Georgia South",GS,2010-11,2025-26,16,264
georgia-st,"Georgia St.",GS,2010-11,2025-26,16,240
georgia-sw,"Georgia SW",GS,2012-13,2017-18,3,31
georgia-tech,"Georgia Tech",GT,2010-11,2025-26,16,255
georgian-court,"Georgian Court",GC,2017-18,2024-25,3,36
gettysburg,"Gettysburg",GETTYS,2019-20,2019-20,1,15
gmc,"GMC",GMC,2023-24,2024-25,2,28
gmu,"GMU",GMU,2018-19,2025-26,8,109
goldey-beacom,"Goldey-Beacom",GOLDEY,2014-15,2017-18,4,43
gonzaga,"Gonzaga",GONZAG,2010-11,2025-26,16,242
gordon,"Gordon",GORDON,2017-18,2023-24,3,37
goshen,"Goshen",GOSHEN,2014-15,2024-25,6,82
goucher,"Goucher",GOUCHE,2013-14,2019-20,7,96
grace-bible,"Grace Bible",GB,2013-14,2015-16,2,24
grace-coll,"Grace Coll.",GC,2016-17,2016-17,1,12
graceland,"Graceland",GRACEL,2013-14,2013-14,1,11
grambling-st,"Grambling St.",GS,2010-11,2017-18,8,153
grand-canyon,"Grand Canyon",GC,2011-12,2017-18,6,82
green-bay,"Green Bay",GB,2010-11,2025-26,16,229
greensboro,"Greensboro",GREENS,2012-13,2023-24,10,149
greenville,"Greenville",GREENV,2011-12,2020-21,5,66
gsc,"GSC",GSC,2018-19,2018-19,1,9
gsu,"GSU",GSU,2018-19,2025-26,8,125
guilford,"Guilford",GUILFO,2011-12,2013-14,2,24
gwu,"GWU",GWU,2018-19,2025-26,8,104
gwynedd-mercy,"Gwynedd-Mercy",GWYNED,2013-14,2014-15,2,22
hampden-sydney,"Hampden-Sydney",HAMPDE,2014-15,2014-15,1,14
hampton,"Hampton",HAMPTO,2010-11,2025-26,16,267
hannibal-lg,"Hannibal-LG",HANNIB,2011-12,2017-18,6,74
hanover,"Hanover",HANOVE,2012-13,2012-13,1,13
hardin-simmons,"Hardin-Simmons",HARDIN,2012-13,2017-18,4,50
harding,"Harding",HARDIN,2011-12,2018-19,2,26
harris-stowe-st,"Harris-Stowe St.",HS,2011-12,2024-25,7,81
hartford,"Hartford",HARTFO,2010-11,2023-24,14,227
hartwick,"Hartwick",HARTWI,2014-15,2019-20,4,53
harvard,"Harvard",HARVAR,2010-11,2025-26,15,286
haskell,"Haskell",HASKEL,2011-12,2024-25,6,71
hastings,"Hastings",HASTIN,2011-12,2011-12,1,15
haverford,"Haverford",HAVERF,2012-13,2013-14,2,23
hawaii,"Hawaii",HAWAII,2010-11,2025-26,16,237
hawaii-hilo,"Hawaii-Hilo",HAWAII,2011-12,2024-25,10,113
hawaii-pacific,"Hawaii Pacific",HP,2013-14,2015-16,2,23
hbu,"HBU",HBU,2018-19,2021-22,4,55
hcu,"HCU",HCU,2022-23,2025-26,4,53
heidelberg,"Heidelberg",HEIDEL,2013-14,2024-25,5,62
henderson-st,"Henderson St.",HS,2011-12,2017-18,4,37
hendrix,"Hendrix",HENDRI,2013-14,2023-24,4,64
high-point,"High Point",HP,2010-11,2025-26,16,261
hillsdale,"Hillsdale",HILLSD,2014-15,2014-15,1,12
hiram,"Hiram",HIRAM,2011-12,2019-20,4,70
hiwassee,"Hiwassee",HIWASS,2013-14,2018-19,6,89
hlgu,"HLGU",HLGU,2023-24,2024-25,2,23
hofstra,"Hofstra",HOFSTR,2010-11,2025-26,16,219
holy-cross,"Holy Cross",HC,2010-11,2025-26,16,257
holy-cross-coll,"Holy Cross Coll.",HCC,2011-12,2024-25,2,30
holy-family,"Holy Family",HF,2024-25,2024-25,1,12
holy-names,"Holy Names",HN,2011-12,2019-20,8,104
hood,"Hood",HOOD,2014-15,2023-24,4,57
hope,"Hope",HOPE,2011-12,2011-12,1,16
hope-international,"Hope International",HI,2011-12,2013-14,2,21
houghton,"Houghton",HOUGHT,2013-14,2024-25,3,40
houston,"Houston",HOUSTO,2010-11,2025-26,16,238
houston-baptist,"Houston Baptist",HB,2010-11,2017-18,8,153
howard,"Howard",HOWARD,2010-11,2025-26,16,266
howard-payne,"Howard Payne",HP,2011-12,2024-25,11,186
hpu,"HPU",HPU,2019-20,2024-25,4,43
hsc,"HSC",HSC,2019-20,2019-20,1,3
hsu,"HSU",HSU,2018-19,2024-25,4,56
humboldt-st,"Humboldt St.",HS,2018-19,2018-19,1,14
huntingdon,"Huntingdon",HUNTIN,2018-19,2018-19,1,16
huston-tillotson,"Huston-Tillotson",HUSTON,2011-12,2019-20,7,90
idaho,"Idaho",IDAHO,2010-11,2025-26,16,234
idaho-coll,"Idaho Coll.",IC,2012-13,2020-21,4,53
idaho-st,"Idaho St.",IS,2010-11,2025-26,16,255
iliinois-tech,"IlIinois Tech",IT,2015-16,2023-24,4,51
ill-chicago,"Ill.-Chicago",ILL.-C,2010-11,2017-18,8,149
ill-springfield,"Ill.-Springfield",ILL.-S,2011-12,2017-18,6,71
illinois,"Illinois",ILLINO,2010-11,2025-26,16,242
illinois-st,"Illinois St.",IS,2010-11,2025-26,16,233
immaculata,"Immaculata",IMMACU,2013-14,2024-25,3,43
incarnate-word,"Incarnate Word",IW,2013-14,2017-18,5,66
indiana,"Indiana",INDIAN,2010-11,2025-26,16,264
indiana-st,"Indiana St.",IS,2010-11,2025-26,16,233
indiana-tech,"Indiana Tech",IT,2013-14,2013-14,1,10
indianapolis,"Indianapolis",INDIAN,2017-18,2017-18,1,13
iona,"Iona",IONA,2010-11,2025-26,16,249
iowa,"Iowa",IOWA,2010-11,2025-26,16,263
iowa-st,"Iowa St.",IS,2010-11,2025-26,16,231
iowa-wesleyan,"Iowa Wesleyan",IW,2013-14,2014-15,2,31
iu-columbus,"IU Columbus",IC,2024-25,2024-25,1,13
iu-east,"IU East",IE,2012-13,2012-13,1,13
iu-kokomo,"IU Kokomo",IK,2011-12,2019-20,8,105
iu-northwest,"IU Northwest",IN,2011-12,2023-24,9,104
iu-s-bend,"IU S.Bend",IS,2014-15,2019-20,3,36
iupui,"IUPUI",IUPUI,2010-11,2025-26,16,244
iwu,"IWU",IWU,2019-20,2019-20,1,14
j-and-wales-co,"J.and Wales CO",JWC,2011-12,2017-18,4,53
j-and-wales-nc,"J.and Wales NC",JWN,2011-12,2017-18,7,107
j-and-wales-ri,"J.and Wales RI",JWR,2011-12,2017-18,4,50
jackson-st,"Jackson St.",JS,2010-11,2025-26,16,304
jacksonville,"Jacksonville",JACKSO,2010-11,2025-26,16,247
jacksonville-st,"Jacksonville St.",JS,2010-11,2017-18,8,148
jamestown,"Jamestown",JAMEST,2011-12,2024-25,3,41
jarvis-christian,"Jarvis Christian",JC,2013-14,2023-24,8,121
jax-state,"Jax State",JS,2023-24,2025-26,3,38
jessup,"Jessup",JESSUP,2023-24,2024-25,2,21
jmu,"JMU",JMU,2010-11,2025-26,16,242
john-brown,"John Brown",JB,2015-16,2023-24,3,40
john-jay,"John Jay",JJ,2016-17,2024-25,4,57
johnson-fl,"Johnson FL",JF,2014-15,2023-24,7,82
johnson-tn,"Johnson TN",JT,2014-15,2024-25,4,52
jsu,"JSU",JSU,2018-19,2022-23,5,63
judson,"Judson",JUDSON,2011-12,2024-25,7,100
justice,"Justice",JUSTIC,2024-25,2024-25,1,11
jwu-co,"JWU CO",JWU CO,2018-19,2019-20,2,28
jwu-fl,"JWU FL",JWU FL,2018-19,2018-19,1,14
jwu-nc,"JWU NC",JWU NC,2018-19,2023-24,3,42
jwu-ri,"JWU RI",JWU RI,2018-19,2024-25,4,50
kalamazoo,"Kalamazoo",KALAMA,2013-14,2018-19,2,30
kansas,"Kansas",KANSAS,2010-11,2025-26,16,248
kansas-christian,"Kansas Christian",KC,2020-21,2024-25,3,28
kansas-st,"Kansas St.",KS,2010-11,2025-26,16,243
kean,"Kean",KEAN,2013-14,2024-25,8,103
keene-st,"Keene St.",KS,2020-21,2020-21,1,9
keiser,"Keiser",KEISER,2018-19,2023-24,3,26
kennesaw-st,"Kennesaw St.",KS,2010-11,2017-18,8,138
kent-st,"Kent St.",KS,2010-11,2025-26,16,243
kentucky,"Kentucky",KENTUC,2010-11,2025-26,16,237
kentucky-st,"Kentucky St.",KS,2013-14,2017-18,3,33
kenyon,"Kenyon",KENYON,2011-12,2016-17,3,43
keystone,"Keystone",KEYSTO,2014-15,2023-24,3,40
king,"King",KING,2014-15,2023-24,2,26
ksu,"KSU",KSU,2018-19,2025-26,8,136
kwc,"KWC",KWC,2018-19,2024-25,4,52
ky-christian,"Ky Christian",KC,2014-15,2024-25,8,101
la-lafayette,"La-Lafayette",LA-LAF,2010-11,2021-22,12,203
la-monroe,"La-Monroe",LA-MON,2010-11,2017-18,8,127
la-roche,"La Roche",LR,2013-14,2015-16,2,22
la-salle,"La Salle",LS,2010-11,2025-26,16,233
la-sierra,"La Sierra",LS,2011-12,2024-25,5,65
la-tech,"La Tech",LT,2023-24,2025-26,3,37
la-verne,"La Verne",LV,2011-12,2024-25,9,145
lafayette,"Lafayette",LAFAYE,2010-11,2025-26,16,253
lagrange,"LaGrange",LAGRAN,2011-12,2024-25,6,88
lake-erie,"Lake Erie",LE,2011-12,2023-24,4,52
lakeland,"Lakeland",LAKELA,2017-18,2024-25,2,37
lamar,"Lamar",LAMAR,2010-11,2025-26,16,244
lancaster-bible,"Lancaster Bible",LB,2020-21,2024-25,2,30
lander,"Lander",LANDER,2016-17,2020-21,2,23
lane,"Lane",LANE,2024-25,2024-25,1,10
langston,"Langston",LANGST,2011-12,2014-15,2,22
lawrence-tech,"Lawrence Tech",LT,2017-18,2017-18,1,9
lbsu,"LBSU",LBSU,2018-19,2025-26,8,104
lcu,"LCU",LCU,2023-24,2024-25,2,33
lebanon-valley,"Lebanon Valley",LV,2016-17,2016-17,1,14
lee,"Lee",LEE,2020-21,2020-21,1,10
lees-mcrae,"Lees-McRae",LEES-M,2011-12,2018-19,7,98
lehigh,"Lehigh",LEHIGH,2010-11,2025-26,16,252
lehman,"Lehman",LEHMAN,2024-25,2024-25,1,13
lemoyne,"LeMoyne",LEMOYN,2018-19,2025-26,4,49
lemoyne-owen,"LeMoyne-Owen",LEMOYN,2011-12,2023-24,5,58
lenoir-rhyne,"Lenoir-Rhyne",LENOIR,2012-13,2018-19,2,27
lesley,"Lesley",LESLEY,2013-14,2024-25,4,35
letourneau,"LeTourneau",LETOUR,2011-12,2024-25,10,154
lewis,"Lewis",LEWIS,2017-18,2020-21,2,27
lewis-clark,"Lewis & Clark",L&C,2011-12,2024-25,7,99
lewis-clark-st,"Lewis-Clark St.",LS,2011-12,2014-15,3,29
liberty,"Liberty",LIBERT,2010-11,2025-26,16,255
life,"Life",LIFE,2023-24,2023-24,1,12
life-pacific,"Life Pacific",LP,2015-16,2024-25,7,88
limestone,"Limestone",LIMEST,2013-14,2023-24,6,66
lincoln-ca,"Lincoln CA",LC,2024-25,2024-25,1,11
lincoln-christian,"Lincoln Christian",LC,2017-18,2017-18,1,13
lincoln-mo,"Lincoln MO",LM,2015-16,2024-25,3,33
lincoln-pa,"Lincoln PA",LP,2012-13,2020-21,4,45
lindenwood,"Lindenwood",LINDEN,2018-19,2025-26,6,83
lindsey-wilson,"Lindsey Wilson",LW,2011-12,2024-25,3,34
linfield,"Linfield",LINFIE,2011-12,2023-24,4,66
lipscomb,"Lipscomb",LIPSCO,2010-11,2025-26,16,248
liu-brooklyn,"LIU Brooklyn",LB,2010-11,2025-26,16,242
livingstone,"Livingstone",LIVING,2024-25,2024-25,1,16
lmu,"LMU",LMU,2018-19,2025-26,8,98
long-beach-st,"Long Beach St.",LBS,2010-11,2017-18,8,145
longwood,"Longwood",LONGWO,2010-11,2025-26,16,247
loras,"Loras",LORAS,2011-12,2023-24,2,31
louisiana,"Louisiana",LOUISI,2022-23,2025-26,4,46
louisiana-coll,"Louisiana Coll.",LC,2011-12,2019-20,9,129
louisiana-tech,"Louisiana Tech",LT,2010-11,2022-23,13,201
louisville,"Louisville",LOUISV,2010-11,2025-26,16,257
lourdes,"Lourdes",LOURDE,2015-16,2023-24,3,29
loyola-il,"Loyola IL",LI,2010-11,2025-26,16,265
loyola-la,"Loyola LA",LL,2011-12,2024-25,12,160
loyola-mary,"Loyola Mary",LM,2010-11,2017-18,8,150
loyola-md,"Loyola MD",LM,2010-11,2025-26,16,269
lssu,"LSSU",LSSU,2023-24,2023-24,1,12
lsu,"LSU",LSU,2010-11,2025-26,16,241
lsu-alexandria,"LSU-Alexandria",LSU-AL,2014-15,2016-17,3,37
lsu-shreveport,"LSU-Shreveport",LSU-SH,2015-16,2017-18,3,36
lsua,"LSUA",LSUA,2020-21,2024-25,2,28
lsus,"LSUS",LSUS,2020-21,2023-24,2,19
lubbock-christian,"Lubbock Christian",LC,2012-13,2012-13,1,9
luther,"Luther",LUTHER,2019-20,2023-24,2,27
lynchburg,"Lynchburg",LYNCHB,2011-12,2024-25,4,61
lyndon-st,"Lyndon St.",LS,2011-12,2019-20,9,121
lynn,"Lynn",LYNN,2023-24,2023-24,1,9
lyon,"Lyon",LYON,2011-12,2023-24,7,72
macmurray,"MacMurray",MACMUR,2011-12,2011-12,1,14
macu,"MACU",MACU,2018-19,2024-25,4,109
madonna,"Madonna",MADONN,2012-13,2016-17,3,36
maine,"Maine",MAINE,2010-11,2025-26,16,259
maine-augusta,"Maine-Augusta",MAINE-,2024-25,2024-25,1,13
maine-fort-kent,"Maine-Fort Kent",MK,2013-14,2017-18,4,40
maine-machias,"Maine-Machias",MAINE-,2011-12,2018-19,3,37
maine-maritime,"Maine Maritime",MM,2019-20,2019-20,1,13
maine-presque-i,"Maine-Presque I.",MI,2016-17,2017-18,2,17
malone,"Malone",MALONE,2011-12,2023-24,7,77
manchester,"Manchester",MANCHE,2012-13,2019-20,6,85
manhattan,"Manhattan",MANHAT,2010-11,2025-26,16,263
manhattanville,"Manhattanville",MANHAT,2016-17,2024-25,2,29
manor-cc,"Manor CC",MC,2024-25,2024-25,1,10
mansfield-pa,"Mansfield PA",MP,2012-13,2024-25,3,32
marian,"Marian",MARIAN,2024-25,2024-25,1,11
marian-in,"Marian IN",MI,2015-16,2016-17,2,20
marietta,"Marietta",MARIET,2011-12,2011-12,1,12
marist,"Marist",MARIST,2010-11,2025-26,16,254
marquette,"Marquette",MARQUE,2010-11,2025-26,16,241
mars-hill,"Mars Hill",MH,2011-12,2020-21,9,118
marshall,"Marshall",MARSHA,2010-11,2025-26,16,248
martin-methodist,"Martin Methodist",MM,2012-13,2013-14,2,23
mary,"Mary",MARY,2011-12,2017-18,3,34
mary-baldwin,"Mary Baldwin",MB,2023-24,2024-25,2,28
mary-washington,"Mary Washington",MW,2015-16,2015-16,1,15
marygrove,"Marygrove",MARYGR,2013-14,2016-17,4,51
maryland,"Maryland",MARYLA,2010-11,2025-26,16,248
marymount,"Marymount",MARYMO,2019-20,2019-20,1,13
maryville-mo,"Maryville MO",MM,2011-12,2019-20,3,33
maryville-tn,"Maryville TN",MT,2019-20,2024-25,2,35
marywood,"Marywood",MARYWO,2011-12,2024-25,5,79
mass-boston,"Mass.-Boston",MASS.-,2017-18,2017-18,1,14
mass-lowell,"Mass.-Lowell",MASS.-,2013-14,2017-18,5,60
massachusetts,"Massachusetts",MASSAC,2010-11,2017-18,8,132
master-s,"Master's",MASTER,2013-14,2016-17,4,37
mayville-st,"Mayville St.",MS,2011-12,2023-24,8,104
mbu,"MBU",MBU,2018-19,2023-24,3,33
mckendree,"McKendree",MCKEND,2014-15,2020-21,5,62
mcmurry,"McMurry",MCMURR,2011-12,2024-25,8,115
mcneese-st,"McNeese St.",MS,2010-11,2025-26,16,238
mcpherson,"McPherson",MCPHER,2016-17,2016-17,1,15
md-e-shore,"Md-E Shore",MS,2010-11,2017-18,8,149
medaille,"Medaille",MEDAIL,2016-17,2016-17,1,15
medgar-evers,"Medgar Evers",ME,2015-16,2024-25,5,71
memphis,"Memphis",MEMPHI,2010-11,2025-26,16,241
menlo,"Menlo",MENLO,2011-12,2024-25,9,113
mercer,"Mercer",MERCER,2010-11,2025-26,16,254
merchant-marine,"Merchant Marine",MM,2014-15,2015-16,2,21
mercy,"Mercy",MERCY,2011-12,2024-25,5,58
mercyhurst,"Mercyhurst",MERCYH,2020-21,2025-26,3,36
merrimack,"Merrimack",MERRIM,2019-20,2025-26,7,82
messiah,"Messiah",MESSIA,2016-17,2016-17,1,15
methodist,"Methodist",METHOD,2011-12,2018-19,5,68
mga,"MGA",MGA,2018-19,2024-25,4,52
miami-fl,"Miami FL",MF,2010-11,2025-26,16,221
miami-hamilton,"Miami Hamilton",MH,2023-24,2024-25,2,22
miami-oh,"Miami OH",MO,2010-11,2025-26,16,260
mich-dearborn,"Mich.-Dearborn",MICH.-,2013-14,2017-18,4,52
michigan,"Michigan",MICHIG,2010-11,2025-26,16,265
michigan-st,"Michigan St.",MS,2010-11,2025-26,16,266
michigan-tech,"Michigan Tech",MT,2011-12,2024-25,2,19
mid-atlantic-chris,"Mid-Atlantic Chris.",MC,2014-15,2017-18,3,38
mid-continent,"Mid-Continent",MID-CO,2011-12,2013-14,2,27
middle-georgia,"Middle Georgia",MG,2014-15,2017-18,4,55
middle-tenn-st,"Middle Tenn.St.",MT,2010-11,2017-18,8,153
midland,"Midland",MIDLAN,2019-20,2019-20,1,13
midway,"Midway",MIDWAY,2017-18,2024-25,5,82
midwestern-st,"Midwestern St.",MS,2014-15,2020-21,2,22
miles,"Miles",MILES,2011-12,2018-19,6,79
millersville,"Millersville",MILLER,2016-17,2016-17,1,10
milligan,"Milligan",MILLIG,2011-12,2024-25,11,146
millsaps,"Millsaps",MILLSA,2013-14,2023-24,7,109
milwaukee,"Milwaukee",MILWAU,2018-19,2025-26,8,105
minn-crookston,"Minn.-Crookston",MINN.-,2014-15,2016-17,2,27
minn-duluth,"Minn.-Duluth",MINN.-,2013-14,2015-16,3,39
minn-morris,"Minn.-Morris",MINN.-,2013-14,2018-19,4,45
minnesota,"Minnesota",MINNES,2010-11,2025-26,16,239
misericordia,"Misericordia",MISERI,2018-19,2024-25,3,65
miss-valley-st,"Miss.Valley St.",MS,2010-11,2017-18,8,152
mississippi,"Mississippi",MISSIS,2010-11,2017-18,8,140
mississippi-coll,"Mississippi Coll.",MC,2011-12,2024-25,9,106
mississippi-st,"Mississippi St.",MS,2010-11,2017-18,8,149
missouri,"Missouri",MISSOU,2010-11,2025-26,16,238
missouri-baptist,"Missouri Baptist",MB,2017-18,2017-18,1,12
missouri-s-t,"Missouri S&T",MS,2013-14,2024-25,8,89
missouri-so,"Missouri So.",MS,2016-17,2016-17,1,11
missouri-st,"Missouri St.",MS,2010-11,2025-26,16,239
missouri-valley,"Missouri Valley",MV,2011-12,2015-16,4,42
missouri-western,"Missouri Western",MW,2016-17,2016-17,1,8
mit,"MIT",MIT,2011-12,2019-20,7,84
mitchell,"Mitchell",MITCHE,2014-15,2024-25,4,51
mmc,"MMC",MMC,2019-20,2020-21,2,29
mmu,"MMU",MMU,2023-24,2024-25,2,36
mo-st-louis,"Mo.-St.Louis",MO.-ST,2016-17,2017-18,2,25
mobile-al,"Mobile AL",MA,2011-12,2024-25,10,116
molloy,"Molloy",MOLLOY,2015-16,2023-24,5,60
monmouth,"Monmouth",MONMOU,2010-11,2025-26,16,285
mont-st-billings,"Mont.St.-Billings",MONT.S,2011-12,2013-14,2,19
montana,"Montana",MONTAN,2010-11,2025-26,16,235
montana-st,"Montana St.",MS,2010-11,2025-26,16,235
montana-tech,"Montana Tech",MT,2011-12,2024-25,9,100
montana-west,"Montana-West",MONTAN,2012-13,2017-18,5,60
montevallo,"Montevallo",MONTEV,2019-20,2023-24,2,20
montreat,"Montreat",MONTRE,2011-12,2024-25,9,126
moravian,"Moravian",MORAVI,2016-17,2016-17,1,17
morehead-st,"Morehead St.",MS,2010-11,2025-26,16,236
morehouse,"Morehouse",MOREHO,2013-14,2024-25,5,61
morgan-st,"Morgan St.",MS,2010-11,2025-26,16,278
morris,"Morris",MORRIS,2011-12,2024-25,3,42
morrisville,"Morrisville",MORRIS,2023-24,2023-24,1,17
morrisville-st,"Morrisville St.",MS,2014-15,2014-15,1,10
mount-ida,"Mount Ida",MI,2011-12,2014-15,3,36
mount-marty,"Mount Marty",MM,2017-18,2017-18,1,12
mount-olive,"Mount Olive",MO,2013-14,2024-25,3,37
msju,"MSJU",MSJU,2019-20,2020-21,2,24
msoe,"MSOE",MSOE,2016-17,2023-24,2,31
mssu,"MSSU",MSSU,2024-25,2024-25,1,12
msu,"MSU",MSU,2018-19,2025-26,8,105
msu-denver,"MSU Denver",MD,2013-14,2013-14,1,9
mt-aloysius,"Mt.Aloysius",MT.ALO,2018-19,2024-25,3,37
mt-st-joseph,"Mt.St.Joseph",MT.ST.,2012-13,2016-17,4,51
mt-st-mary,"Mt.St.Mary",MT.ST.,2016-17,2024-25,3,50
mt-st-mary-s,"Mt.St.Mary's",MT.ST.,2010-11,2025-26,16,250
mt-st-vincent,"Mt.St.Vincent",MT.ST.,2013-14,2023-24,7,78
mt-vernon-naz,"Mt.Vernon Naz.",MN,2014-15,2014-15,1,13
mtsu,"MTSU",MTSU,2018-19,2025-26,8,99
muhlenberg,"Muhlenberg",MUHLEN,2012-13,2012-13,1,11
multnomah,"Multnomah",MULTNO,2015-16,2019-20,4,47
murray-st,"Murray St.",MS,2010-11,2025-26,16,226
muskingum,"Muskingum",MUSKIN,2016-17,2024-25,3,51
muw,"MUW",MUW,2023-24,2024-25,2,28
mvsu,"MVSU",MVSU,2018-19,2025-26,8,120
n-alabama,"N.Alabama",N.ALAB,2014-15,2025-26,9,111
n-arizona,"N.Arizona",N.ARIZ,2010-11,2017-18,8,158
n-c-central,"N.C.Central",N.C.CE,2010-11,2017-18,8,149
n-carolina,"N.Carolina",N.CARO,2010-11,2017-18,8,161
n-carolina-a-t,"N.Carolina A&T",NA,2010-11,2017-18,8,155
n-central-coll,"N.Central Coll.",NC,2024-25,2024-25,1,19
n-central-univ,"N.Central Univ.",NU,2019-20,2024-25,3,39
n-colorado,"N.Colorado",N.COLO,2010-11,2025-26,16,247
n-dakota,"N.Dakota",N.DAKO,2010-11,2025-26,16,232
n-dakota-st,"N.Dakota St.",NS,2010-11,2017-18,8,131
n-florida,"N.Florida",N.FLOR,2010-11,2017-18,8,131
n-georgia,"N.Georgia",N.GEOR,2016-17,2020-21,3,37
n-greenville,"N.Greenville",N.GREE,2012-13,2017-18,4,45
n-illinois,"N.Illinois",N.ILLI,2010-11,2017-18,8,146
n-iowa,"N.Iowa",N.IOWA,2010-11,2017-18,8,139
n-kentucky,"N.Kentucky",N.KENT,2012-13,2017-18,6,86
n-mexico,"N.Mexico",N.MEXI,2010-11,2025-26,16,245
n-mexico-highlands,"N.Mexico Highlands",NH,2014-15,2017-18,3,32
n-mexico-st,"N.Mexico St.",NS,2010-11,2017-18,8,140
n-michigan,"N.Michigan",N.MICH,2013-14,2015-16,2,22
n-texas,"N.Texas",N.TEXA,2010-11,2025-26,16,240
nau,"NAU",NAU,2018-19,2025-26,8,109
navy,"Navy",NAVY,2010-11,2025-26,16,329
nazareth,"Nazareth",NAZARE,2016-17,2024-25,5,67
nc-a-t,"NC A&T",NC A&T,2018-19,2025-26,8,108
nc-asheville,"NC-Asheville",NC-ASH,2010-11,2017-18,8,148
nc-greensboro,"NC-Greensboro",NC-GRE,2010-11,2017-18,8,159
nc-state,"NC State",NS,2010-11,2025-26,16,243
nc-wesleyan,"NC Wesleyan",NW,2024-25,2024-25,1,14
nc-wesleyan,"NC-Wesleyan",NC-WES,2013-14,2020-21,8,116
nc-wilmington,"NC-Wilmington",NC-WIL,2010-11,2017-18,8,138
nccu,"NCCU",NCCU,2018-19,2025-26,8,109
ndc,"NDC",NDC,2018-19,2018-19,1,13
ndn,"NDN",NDN,2019-20,2019-20,1,15
ndsu,"NDSU",NDSU,2018-19,2025-26,8,95
nebr-wesleyan,"Nebr.Wesleyan",NEBR.W,2019-20,2019-20,1,9
nebraska,"Nebraska",NEBRAS,2010-11,2025-26,16,245
nebraska-chr,"Nebraska Chr.",NC,2017-18,2017-18,1,13
nelson,"Nelson",NELSON,2023-24,2024-25,2,20
neumann,"Neumann",NEUMAN,2024-25,2024-25,1,14
nevada,"Nevada",NEVADA,2010-11,2025-26,16,232
new-college-fl,"New College FL",NCF,2024-25,2024-25,1,14
new-england,"New England",NE,2023-24,2023-24,1,11
new-hampshire,"New Hampshire",NH,2010-11,2017-18,8,136
new-hope-cc,"New Hope CC",NHC,2015-16,2016-17,2,17
new-orleans,"New Orleans",NO,2010-11,2025-26,16,261
new-rochelle,"New Rochelle",NR,2017-18,2018-19,2,30
newberry,"Newberry",NEWBER,2012-13,2024-25,6,78
newbury,"Newbury",NEWBUR,2014-15,2018-19,2,24
newman,"Newman",NEWMAN,2011-12,2020-21,3,40
ngu,"NGU",NGU,2018-19,2024-25,4,51
niagara,"Niagara",NIAGAR,2010-11,2025-26,16,229
nicholls,"Nicholls",NICHOL,2023-24,2025-26,3,40
nicholls-st,"Nicholls St.",NS,2010-11,2022-23,13,210
nichols,"Nichols",NICHOL,2014-15,2023-24,2,23
niu,"NIU",NIU,2018-19,2025-26,8,109
njit,"NJIT",NJIT,2010-11,2025-26,16,241
nku,"NKU",NKU,2018-19,2025-26,8,100
nm-state,"NM State",NS,2018-19,2025-26,8,105
nmhu,"NMHU",NMHU,2019-20,2024-25,2,24
nnmc,"NNMC",NNMC,2019-20,2024-25,3,50
nobel,"Nobel",NOBEL,2024-25,2024-25,1,12
norfolk-st,"Norfolk St.",NS,2010-11,2025-26,16,257
north-park,"North Park",NP,2013-14,2023-24,5,72
northeastern,"Northeastern",NORTHE,2010-11,2025-26,16,225
northeastern-st,"Northeastern St.",NS,2016-17,2024-25,3,33
northern-nm,"Northern NM",NN,2011-12,2017-18,7,106
northland,"Northland",NORTHL,2014-15,2023-24,7,99
northwest,"Northwest",NORTHW,2011-12,2024-25,7,87
northwestern,"Northwestern",NORTHW,2010-11,2025-26,16,235
northwestern-st,"Northwestern St.",NS,2010-11,2017-18,8,152
northwood,"Northwood",NORTHW,2017-18,2023-24,2,24
northwood-tx,"Northwood TX",NT,2013-14,2013-14,1,14
notre-dame,"Notre Dame",ND,2010-11,2025-26,16,221
notre-dame-md,"Notre Dame MD",NDM,2023-24,2024-25,2,32
notre-dame-namur,"Notre Dame Namur",NDN,2013-14,2017-18,4,51
notre-dame-oh,"Notre Dame OH",NDO,2011-12,2017-18,5,59
nova-se,"Nova SE",NS,2013-14,2014-15,2,19
nsu,"NSU",NSU,2018-19,2025-26,8,111
ntu,"NTU",NTU,2023-24,2023-24,1,11
nw-christian,"NW Christian",NC,2014-15,2015-16,2,21
nw-indian,"NW Indian",NI,2015-16,2024-25,3,37
nw-missouri-st,"NW Missouri St.",NMS,2011-12,2011-12,1,10
nw-nazarene,"NW Nazarene",NN,2013-14,2023-24,7,84
nw-ohio,"NW Ohio",NO,2013-14,2017-18,2,27
nw-oklahoma-st,"NW Oklahoma St.",NOS,2011-12,2014-15,2,19
nyit,"NYIT",NYIT,2014-15,2019-20,4,47
oak-hills-christian,"Oak Hills Christian",OHC,2016-17,2023-24,3,25
oakland,"Oakland",OAKLAN,2010-11,2025-26,16,232
oakland-city,"Oakland City",OC,2011-12,2023-24,10,117
oakwood,"Oakwood",OAKWOO,2011-12,2024-25,7,93
oberlin,"Oberlin",OBERLI,2013-14,2019-20,6,88
obu,"OBU",OBU,2024-25,2024-25,1,11
occidental,"Occidental",OCCIDE,2023-24,2024-25,2,31
odu,"ODU",ODU,2010-11,2025-26,16,242
oglethorpe,"Oglethorpe",OGLETH,2016-17,2024-25,4,60
ohio,"Ohio",OHIO,2010-11,2025-26,16,249
ohio-chillicothe,"Ohio Chillicothe",OC,2018-19,2019-20,2,19
ohio-christian,"Ohio Christian",OC,2016-17,2024-25,4,47
ohio-dominican,"Ohio Dominican",OD,2011-12,2023-24,5,57
ohio-mid-western,"Ohio Mid-Western",OM,2014-15,2014-15,1,10
ohio-northern,"Ohio Northern",ON,2013-14,2019-20,3,35
ohio-st,"Ohio St.",OS,2010-11,2025-26,16,233
ohio-valley,"Ohio Valley",OV,2013-14,2017-18,3,42
ohio-wesleyan,"Ohio Wesleyan",OW,2024-25,2024-25,1,13
ok-state,"OK State",OS,2018-19,2025-26,8,106
oklah-baptist,"Oklah.Baptist",OKLAH.,2016-17,2016-17,1,10
oklah-christian,"Oklah.Christian",OKLAH.,2019-20,2019-20,1,15
oklah-panhandle,"Oklah.Panhandle",OKLAH.,2016-17,2017-18,2,26
oklahoma,"Oklahoma",OKLAHO,2010-11,2025-26,16,250
oklahoma-st,"Oklahoma St.",OS,2010-11,2017-18,8,153
old-westbury,"Old Westbury",OW,2014-15,2024-25,2,22
ole-miss,"Ole Miss",OM,2018-19,2025-26,8,94
olivet,"Olivet",OLIVET,2016-17,2020-21,3,38
olivet-nazarene,"Olivet Nazarene",ON,2013-14,2016-17,3,32
ollu,"OLLU",OLLU,2018-19,2024-25,5,71
omaha,"Omaha",OMAHA,2011-12,2025-26,15,210
oneonta-st,"Oneonta St.",OS,2015-16,2024-25,7,93
onu,"ONU",ONU,2019-20,2019-20,1,10
open-bible,"Open Bible",OB,2013-14,2013-14,1,12
oregon,"Oregon",OREGON,2010-11,2025-26,16,253
oregon-st,"Oregon St.",OS,2010-11,2025-26,16,241
oregon-tech,"Oregon Tech",OT,2015-16,2017-18,2,28
oru,"ORU",ORU,2010-11,2025-26,16,236
oswego-st,"Oswego St.",OS,2011-12,2011-12,1,9
ottawa,"Ottawa",OTTAWA,2016-17,2016-17,1,15
ottawa-az,"Ottawa AZ",OA,2017-18,2017-18,1,11
ouachita-baptist,"Ouachita Baptist",OB,2014-15,2017-18,3,30
ouaz,"OUAZ",OUAZ,2019-20,2019-20,1,9
our-lady-lake,"Our Lady Lake",OLL,2013-14,2017-18,5,61
ozark-christian,"Ozark Christian",OC,2023-24,2024-25,2,30
ozarks,"Ozarks",OZARKS,2016-17,2018-19,3,45
pace,"Pace",PACE,2014-15,2014-15,1,12
pacific,"Pacific",PACIFI,2010-11,2025-26,16,276
pacific-lutheran,"Pacific Lutheran",PL,2011-12,2023-24,8,111
pacific-or,"Pacific OR",PO,2024-25,2024-25,1,19
pacific-union,"Pacific Union",PU,2011-12,2023-24,7,87
pacifica,"Pacifica",PACIFI,2011-12,2013-14,3,32
paine,"Paine",PAINE,2014-15,2017-18,3,34
palm-beach-atl,"Palm Beach Atl.",PBA,2011-12,2016-17,3,34
park-gilbert,"Park-Gilbert",PARK-G,2023-24,2024-25,2,23
paul-quinn,"Paul Quinn",PQ,2011-12,2024-25,7,63
pba,"PBA",PBA,2018-19,2019-20,2,21
penn-college,"Penn College",PC,2023-24,2023-24,1,13
penn-st,"Penn St.",PS,2010-11,2022-23,13,205
penn-st-abington,"Penn St. Abington",PSA,2011-12,2011-12,1,11
penn-st-altoona,"Penn St. Altoona",PSA,2011-12,2011-12,1,11
penn-st-beaver,"Penn St-Beaver",PS,2014-15,2014-15,1,12
penn-st-brandywine,"Penn St-Brandywine",PS,2017-18,2017-18,1,15
penn-st-harrisburg,"Penn St. Harrisburg",PSH,2014-15,2015-16,2,30
penn-st-mont-alto,"Penn St-Mont Alto",PSA,2014-15,2014-15,1,10
penn-st-wilkes-barre,"Penn St-Wilkes Barre",PSB,2018-19,2019-20,2,31
penn-st-york,"Penn St-York",PS,2019-20,2019-20,1,11
penn-state,"Penn State",PS,2023-24,2025-26,3,38
pennsylvania,"Pennsylvania",PENNSY,2010-11,2025-26,15,274
pensacola-cc,"Pensacola CC",PC,2014-15,2018-19,3,34
pepperdine,"Pepperdine",PEPPER,2010-11,2025-26,16,260
peru-st,"Peru St.",PS,2011-12,2019-20,5,62
pfeiffer,"Pfeiffer",PFEIFF,2014-15,2024-25,6,92
pfw,"PFW",PFW,2010-11,2025-26,16,217
philander-smith,"Philander Smith",PS,2011-12,2011-12,1,9
piedmont,"Piedmont",PIEDMO,2011-12,2024-25,10,135
piedmont-internat,"Piedmont Internat.",PI,2014-15,2017-18,4,43
pikeville,"Pikeville",PIKEVI,2019-20,2019-20,1,14
pine-manor,"Pine Manor",PM,2015-16,2019-20,3,31
pitt-bradford,"Pitt-Bradford",PITT-B,2015-16,2024-25,3,43
pitt-greensburg,"Pitt-Greensburg",PITT-G,2023-24,2023-24,1,11
pittsburgh,"Pittsburgh",PITTSB,2010-11,2025-26,16,240
plattsburgh-st,"Plattsburgh St.",PS,2023-24,2024-25,2,33
plnu,"PLNU",PLNU,2023-24,2023-24,1,10
point-ga,"Point GA",PG,2011-12,2024-25,4,43
point-loma,"Point Loma",PL,2012-13,2015-16,2,22
point-park,"Point Park",PP,2020-21,2023-24,2,22
polytechnic,"Polytechnic",POLYTE,2011-12,2011-12,1,13
pomona-pitzer,"Pomona-Pitzer",POMONA,2011-12,2016-17,2,30
portland,"Portland",PORTLA,2010-11,2025-26,16,245
portland-bible,"Portland Bible",PB,2012-13,2023-24,5,53
portland-st,"Portland St.",PS,2010-11,2025-26,16,244
potsdam-st,"Potsdam St.",PS,2019-20,2023-24,2,30
pr-bayamon,"PR-Bayamon",PR-BAY,2024-25,2024-25,1,10
pr-mayaguez,"PR-Mayaguez",PR-MAY,2024-25,2024-25,1,10
pr-rio-piedras,"PR-Rio Piedras",PP,2024-25,2024-25,1,15
prairie-view-a-m,"Prairie View A&M",PVA,2010-11,2017-18,8,162
pratt,"Pratt",PRATT,2024-25,2024-25,1,13
presbyterian,"Presbyterian",PRESBY,2010-11,2025-26,16,256
presentation,"Presentation",PRESEN,2013-14,2018-19,5,62
princeton,"Princeton",PRINCE,2010-11,2024-25,14,267
providence,"Providence",PROVID,2010-11,2025-26,16,234
providence-mt,"Providence MT",PM,2011-12,2017-18,5,61
ps-altoona,"PS Altoona",PA,2024-25,2024-25,1,15
ps-brandywine,"PS Brandywine",PB,2023-24,2023-24,1,11
ps-fayette,"PS Fayette",PF,2024-25,2024-25,1,10
ps-gtr-allegh,"PS Gtr Allegh.",PGA,2023-24,2023-24,1,13
ps-n-kensington,"PS N.Kensington",PN,2023-24,2023-24,1,8
ps-schuylkill,"PS Schuylkill",PS,2023-24,2024-25,2,31
ps-scranton,"PS Scranton",PS,2024-25,2024-25,1,11
ps-shenango,"PS Shenango",PS,2024-25,2024-25,1,14
ps-wilkes-barre,"PS Wilkes Barre",PWB,2023-24,2024-25,2,25
ps-york,"PS York",PY,2023-24,2024-25,2,27
puget-sound,"Puget Sound",PS,2017-18,2019-20,3,42
purchase,"Purchase",PURCHA,2019-20,2024-25,2,27
purdue,"Purdue",PURDUE,2010-11,2025-26,16,245
purdue-ncent,"Purdue-NCent.",PURDUE,2015-16,2015-16,1,11
purdue-nw,"Purdue NW",PN,2013-14,2024-25,6,75
pvamu,"PVAMU",PVAMU,2018-19,2025-26,8,119
queens-nc,"Queens NC",QN,2020-21,2025-26,5,63
queens-ny,"Queens NY",QN,2015-16,2023-24,3,35
quincy,"Quincy",QUINCY,2011-12,2020-21,7,84
quinnipiac,"Quinnipiac",QUINNI,2010-11,2025-26,16,254
radford,"Radford",RADFOR,2010-11,2025-26,16,259
randall,"Randall",RANDAL,2013-14,2024-25,7,105
randolph,"Randolph",RANDOL,2011-12,2024-25,7,104
redlands,"Redlands",REDLAN,2011-12,2019-20,2,26
regent,"Regent",REGENT,2018-19,2024-25,4,48
regis-coll,"Regis Coll.",RC,2024-25,2024-25,1,17
regis-univ,"Regis Univ.",RU,2014-15,2020-21,3,32
reinhardt,"Reinhardt",REINHA,2011-12,2023-24,10,149
rhode-island,"Rhode Island",RI,2010-11,2023-24,10,174
rhodes,"Rhodes",RHODES,2014-15,2024-25,3,43
rice,"Rice",RICE,2010-11,2025-26,16,260
richmond,"Richmond",RICHMO,2010-11,2025-26,16,262
rider,"Rider",RIDER,2010-11,2025-26,16,240
rio-grande,"Rio Grande",RG,2011-12,2019-20,6,72
rivier,"Rivier",RIVIER,2018-19,2024-25,3,37
rmc,"RMC",RMC,2024-25,2024-25,1,13
rmu,"RMU",RMU,2018-19,2025-26,8,98
rmu-springfield,"RMU Springfield",RS,2012-13,2014-15,3,27
roanoke,"Roanoke",ROANOK,2011-12,2015-16,3,42
robert-morris,"Robert Morris",RM,2010-11,2017-18,8,137
rochester-mi,"Rochester MI",RM,2011-12,2020-21,8,86
rockford,"Rockford",ROCKFO,2017-18,2024-25,5,80
rockhurst,"Rockhurst",ROCKHU,2011-12,2017-18,5,62
rocky-mountain,"Rocky Mountain",RM,2016-17,2023-24,3,31
roger-williams,"Roger Williams",RW,2023-24,2023-24,1,10
rogers-st,"Rogers St.",RS,2011-12,2024-25,6,66
roosevelt,"Roosevelt",ROOSEV,2011-12,2016-17,5,70
rosemont,"Rosemont",ROSEMO,2018-19,2024-25,4,55
rowan,"Rowan",ROWAN,2014-15,2017-18,4,59
ru-camden,"RU Camden",RC,2019-20,2019-20,1,11
rust,"Rust",RUST,2011-12,2024-25,8,78
rutgers,"Rutgers",RUTGER,2010-11,2025-26,16,251
rutgers-camden,"Rutgers-Camden",RUTGER,2011-12,2011-12,1,11
rutgers-newark,"Rutgers-Newark",RUTGER,2015-16,2015-16,1,8
rwu,"RWU",RWU,2023-24,2023-24,1,13
s-alabama,"S.Alabama",S.ALAB,2010-11,2017-18,8,141
s-arkansas,"S.Arkansas",S.ARKA,2013-14,2014-15,2,22
s-carolina,"S.Carolina",S.CARO,2010-11,2025-26,16,247
s-carolina-st,"S.Carolina St.",SS,2010-11,2017-18,8,149
s-dakota,"S.Dakota",S.DAKO,2010-11,2025-26,16,239
s-dakota-mines,"S.Dakota Mines",SM,2014-15,2014-15,1,13
s-dakota-st,"S.Dakota St.",SS,2010-11,2025-26,16,220
s-florida,"S.Florida",S.FLOR,2010-11,2025-26,15,220
s-illinois,"S.Illinois",S.ILLI,2010-11,2017-18,8,142
s-indiana,"S.Indiana",S.INDI,2022-23,2025-26,4,54
s-mississippi,"S.Mississippi",S.MISS,2010-11,2017-18,8,134
s-nazarene,"S.Nazarene",S.NAZA,2016-17,2017-18,2,22
s-oregon,"S.Oregon",S.OREG,2016-17,2024-25,2,23
s-utah,"S.Utah",S.UTAH,2010-11,2017-18,8,151
s-vermont,"S.Vermont",S.VERM,2014-15,2014-15,1,12
s-virginia,"S.Virginia",S.VIRG,2011-12,2016-17,4,56
s-wesleyan,"S.Wesleyan",S.WESL,2011-12,2024-25,8,95
sacramento-st,"Sacramento St.",SS,2010-11,2025-26,16,248
sacred-heart,"Sacred Heart",SH,2010-11,2025-26,16,233
saginaw-valley,"Saginaw Valley",SV,2011-12,2011-12,1,9
sagu,"SAGU",SAGU,2018-19,2018-19,1,8
sagu-aic,"SAGU AIC",SA,2019-20,2023-24,3,33
salem,"Salem",SALEM,2020-21,2020-21,1,7
salem-intern,"Salem Intern.",SI,2016-17,2016-17,1,11
salisbury,"Salisbury",SALISB,2012-13,2013-14,2,28
salve-regina,"Salve Regina",SR,2013-14,2018-19,3,43
sam-houston-st,"Sam Houston St.",SHS,2010-11,2017-18,8,151
samford,"Samford",SAMFOR,2010-11,2025-26,16,269
san-diego,"San Diego",SD,2010-11,2025-26,16,267
san-diego-chr,"San Diego Chr.",SDC,2011-12,2017-18,7,91
san-diego-st,"San Diego St.",SDS,2010-11,2017-18,8,144
san-francisco-st,"San Francisco St.",SFS,2011-12,2017-18,6,75
san-jose-st,"San Jose St.",SJS,2010-11,2017-18,8,138
santa-clara,"Santa Clara",SC,2010-11,2025-26,16,252
sarah-lawrence,"Sarah Lawrence",SL,2014-15,2017-18,3,33
savannah-st,"Savannah St.",SS,2010-11,2017-18,8,164
sc-state,"SC State",SS,2018-19,2025-26,8,120
schreiner,"Schreiner",SCHREI,2011-12,2024-25,9,144
sd-mines,"SD Mines",SM,2023-24,2024-25,2,23
sdcc,"SDCC",SDCC,2018-19,2020-21,3,46
sdsu,"SDSU",SDSU,2018-19,2025-26,8,110
se-baptist,"SE Baptist",SB,2019-20,2019-20,1,10
se-louisiana,"SE Louisiana",SL,2010-11,2025-26,16,241
se-missouri-st,"SE Missouri St.",SMS,2010-11,2017-18,8,135
se-oklahoma,"SE Oklahoma",SO,2014-15,2018-19,4,46
seattle,"Seattle",SEATTL,2010-11,2025-26,16,237
seattle-pacific,"Seattle Pacific",SP,2024-25,2024-25,1,12
selma,"Selma",SELMA,2013-14,2016-17,3,32
semo,"SEMO",SEMO,2018-19,2025-26,8,100
seton-hall,"Seton Hall",SH,2010-11,2025-26,16,235
seton-hill,"Seton Hill",SH,2015-16,2015-16,1,10
sewanee,"Sewanee",SEWANE,2013-14,2018-19,3,36
sf-austin,"SF Austin",SA,2010-11,2025-26,16,259
sf-state,"SF State",SS,2019-20,2024-25,3,43
sfc,"SFC",SFC,2018-19,2022-23,5,58
sfu,"SFU",SFU,2018-19,2025-26,8,122
shawnee-st,"Shawnee St.",SS,2011-12,2024-25,5,61
shenandoah,"Shenandoah",SHENAN,2011-12,2019-20,8,115
shorter,"Shorter",SHORTE,2019-20,2019-20,1,9
shsu,"SHSU",SHSU,2018-19,2025-26,8,102
shu,"SHU",SHU,2018-19,2024-25,4,48
siena,"Siena",SIENA,2010-11,2025-26,16,255
siena-heights,"Siena Heights",SH,2012-13,2017-18,5,58
silver-lake,"Silver Lake",SL,2015-16,2017-18,2,27
simon-fraser,"Simon Fraser",SF,2017-18,2017-18,1,8
simpson-ca,"Simpson CA",SC,2011-12,2020-21,7,80
simpson-ia,"Simpson IA",SI,2014-15,2019-20,4,64
sioux-falls,"Sioux Falls",SF,2011-12,2011-12,1,10
siu,"SIU",SIU,2018-19,2025-26,8,94
siu-edwardsville,"SIU Edwardsville",SE,2010-11,2017-18,8,140
siue,"SIUE",SIUE,2018-19,2025-26,8,111
sjsu,"SJSU",SJSU,2018-19,2025-26,8,104
skidmore,"Skidmore",SKIDMO,2018-19,2018-19,1,12
slc,"SLC",SLC,2023-24,2024-25,2,32
smc,"SMC",SMC,2022-23,2025-26,4,52
smsu,"SMSU",SMSU,2018-19,2023-24,2,19
smu,"SMU",SMU,2010-11,2025-26,16,241
smwc,"SMWC",SMWC,2024-25,2024-25,1,12
so-poly-state,"So.Poly State",SS,2013-14,2013-14,1,9
sonoma-st,"Sonoma St.",SS,2012-13,2023-24,7,92
southeastern,"Southeastern",SOUTHE,2011-12,2018-19,5,58
southern,"Southern",SOUTHE,2010-11,2025-26,16,266
southern-miss,"Southern Miss",SM,2018-19,2025-26,8,110
southwest,"Southwest",SOUTHW,2014-15,2024-25,5,61
southwestern,"Southwestern",SOUTHW,2018-19,2024-25,3,47
southwestern-ks,"Southwestern KS",SK,2018-19,2018-19,1,14
southwestern-tx,"Southwestern TX",ST,2013-14,2017-18,2,28
spalding,"Spalding",SPALDI,2011-12,2023-24,5,65
spring-arbor,"Spring Arbor",SA,2017-18,2017-18,1,14
spring-hill,"Spring Hill",SH,2011-12,2024-25,12,147
springfield,"Springfield",SPRING,2024-25,2024-25,1,12
ssu,"SSU",SSU,2018-19,2018-19,1,14
st-ambrose,"St.Ambrose",ST.AMB,2015-16,2024-25,4,59
st-andrews,"St.Andrews",ST.AND,2012-13,2024-25,11,141
st-augustine,"St.Augustine",ST.AUG,2023-24,2023-24,1,11
st-bonaventure,"St.Bonaventure",ST.BON,2010-11,2025-26,16,220
st-catharine,"St.Catharine",ST.CAT,2013-14,2015-16,3,32
st-edward-s,"St.Edward's",ST.EDW,2013-14,2018-19,6,77
st-elizabeth,"St.Elizabeth",ST.ELI,2018-19,2024-25,3,45
st-francis-il,"St.Francis IL",SI,2011-12,2024-25,10,148
st-francis-ny,"St.Francis NY",SN,2010-11,2017-18,8,145
st-francis-pa,"St.Francis PA",SP,2010-11,2017-18,8,160
st-gregory,"St.Gregory",ST.GRE,2011-12,2012-13,2,25
st-john-s,"St.John's",ST.JOH,2010-11,2025-26,16,235
st-jos-brooklyn,"St.Jos.-Brooklyn",ST.JOS,2011-12,2018-19,3,33
st-joseph-in,"St.Joseph IN",SI,2011-12,2016-17,4,49
st-joseph-s,"St.Joseph's",ST.JOS,2010-11,2025-26,16,252
st-joseph-s-li,"St.Joseph's-LI",ST.JOS,2023-24,2024-25,2,35
st-joseph-s-ny,"St.Joseph's NY",SN,2011-12,2011-12,1,9
st-katherine,"St.Katherine",ST.KAT,2013-14,2023-24,5,72
st-leo,"St.Leo",ST.LEO,2011-12,2018-19,3,35
st-louis,"St.Louis",ST.LOU,2010-11,2025-26,16,246
st-louis-cop,"St.Louis COP",SC,2019-20,2020-21,2,22
st-martin-s,"St.Martin's",ST.MAR,2013-14,2020-21,4,46
st-mary-of-the-woods,"St.Mary of the Woods",SOTW,2023-24,2023-24,1,19
st-mary-s-ca,"St.Mary's CA",SC,2010-11,2021-22,12,191
st-mary-s-ks,"St.Mary's KS",SK,2011-12,2023-24,2,28
st-mary-s-md,"St.Mary's MD",SM,2016-17,2023-24,6,84
st-mary-s-mn,"St.Mary's MN",SM,2015-16,2017-18,3,48
st-mary-s-tx,"St.Mary's TX",ST,2016-17,2020-21,5,58
st-norbert,"St.Norbert",ST.NOR,2024-25,2024-25,1,16
st-peter-s,"St.Peter's",ST.PET,2010-11,2025-26,16,229
st-rose-ny,"St.Rose NY",SN,2014-15,2014-15,1,11
st-thomas,"St.Thomas",ST.THO,2021-22,2025-26,5,61
st-thomas-aquinas,"St.Thomas Aquinas",SA,2014-15,2014-15,1,12
st-thomas-fl,"St.Thomas FL",SF,2011-12,2019-20,2,22
st-thomas-tx,"St.Thomas TX",ST,2011-12,2024-25,9,111
st-vincent,"St.Vincent",ST.VIN,2023-24,2023-24,1,16
st-xavier,"St.Xavier",ST.XAV,2014-15,2023-24,2,21
stanford,"Stanford",STANFO,2010-11,2025-26,16,260
stanton,"Stanton",STANTO,2023-24,2023-24,1,8
staten-island,"Staten Island",SI,2015-16,2017-18,3,41
sterling,"Sterling",STERLI,2023-24,2023-24,1,16
stetson,"Stetson",STETSO,2010-11,2025-26,16,247
stillman,"Stillman",STILLM,2013-14,2014-15,2,24
stockton,"Stockton",STOCKT,2018-19,2018-19,1,14
stonehill,"Stonehill",STONEH,2022-23,2025-26,4,62
stony-brook,"Stony Brook",SB,2010-11,2025-26,16,244
suffolk,"Suffolk",SUFFOL,2011-12,2023-24,3,35
sul-ross-st,"Sul Ross St.",SRS,2015-16,2024-25,5,73
suno,"SUNO",SUNO,2014-15,2024-25,6,75
suny-canton,"SUNY Canton",SC,2018-19,2018-19,1,15
suny-cob,"SUNY Cob",SC,2011-12,2011-12,1,7
suny-delhi,"SUNY Delhi",SD,2023-24,2024-25,2,32
suny-maritime,"SUNY Maritime",SM,2017-18,2024-25,4,53
suny-poly,"SUNY Poly",SP,2024-25,2024-25,1,14
sunyit,"SUNYIT",SUNYIT,2019-20,2019-20,1,12
susquehanna,"Susquehanna",SUSQUE,2014-15,2017-18,2,28
suu,"SUU",SUU,2018-19,2025-26,8,110
svsu,"SVSU",SVSU,2023-24,2023-24,1,12
svu,"SVU",SVU,2020-21,2024-25,3,43
sw-adventist,"SW Adventist",SA,2013-14,2024-25,4,45
sw-baptist,"SW Baptist",SB,2019-20,2019-20,1,11
sw-christian,"SW Christian",SC,2013-14,2024-25,5,60
sw-minnesota-st,"SW Minnesota St.",SMS,2011-12,2013-14,3,31
sw-oklahoma-st,"SW Oklahoma St.",SOS,2013-14,2013-14,1,14
swarthmore,"Swarthmore",SWARTH,2011-12,2011-12,1,12
swosu,"SWOSU",SWOSU,2023-24,2023-24,1,12
syracuse,"Syracuse",SYRACU,2010-11,2025-26,16,276
tabor,"Tabor",TABOR,2011-12,2024-25,6,78
talladega,"Talladega",TALLAD,2011-12,2023-24,2,23
tamiu,"TAMIU",TAMIU,2018-19,2020-21,2,21
tampa,"Tampa",TAMPA,2013-14,2019-20,3,30
tamucc,"TAMUCC",TAMUCC,2018-19,2025-26,8,113
tamuk,"TAMUK",TAMUK,2024-25,2024-25,1,13
tamusa,"TAMUSA",TAMUSA,2024-25,2024-25,1,13
tarleton-st,"Tarleton St.",TS,2020-21,2025-26,6,90
taylor,"Taylor",TAYLOR,2013-14,2024-25,2,25
tcnj,"TCNJ",TCNJ,2011-12,2011-12,1,15
tcu,"TCU",TCU,2010-11,2025-26,16,252
temple,"Temple",TEMPLE,2010-11,2025-26,16,228
tenn-martin,"Tenn-Martin",TENN-M,2010-11,2017-18,8,144
tenn-tech,"Tenn Tech",TT,2010-11,2025-26,16,261
tenn-temple,"Tenn Temple",TT,2011-12,2014-15,3,40
tenn-wesleyan,"Tenn Wesleyan",TW,2015-16,2017-18,3,40
tennessee,"Tennessee",TENNES,2010-11,2025-26,16,258
tennessee-st,"Tennessee St.",TS,2010-11,2025-26,16,246
tex-a-m-kingsv,"Tex.A&M-Kingsv.",TEX.A&,2014-15,2016-17,3,34
texas,"Texas",TEXAS,2010-11,2025-26,16,242
texas-a-m,"Texas A&M",TA,2010-11,2025-26,16,265
texas-a-m-cc,"Texas A&M-CC",TA,2010-11,2017-18,8,152
texas-a-m-int,"Texas A&M Int.",TAI,2011-12,2017-18,5,55
texas-arlington,"Texas Arlington",TA,2010-11,2017-18,8,146
texas-coll,"Texas Coll.",TC,2011-12,2024-25,6,71
texas-dallas,"Texas Dallas",TD,2016-17,2017-18,2,31
texas-lutheran,"Texas Lutheran",TL,2011-12,2024-25,9,139
texas-pb,"Texas-PB",TEXAS-,2013-14,2015-16,2,21
texas-southern,"Texas Southern",TS,2010-11,2025-26,16,253
texas-st,"Texas St.",TS,2010-11,2025-26,16,255
texas-tech,"Texas Tech",TT,2010-11,2025-26,16,238
texas-tyler,"Texas Tyler",TT,2013-14,2017-18,4,69
texas-wesleyan,"Texas Wesleyan",TW,2011-12,2015-16,2,18
thiel,"Thiel",THIEL,2013-14,2019-20,4,46
thomas,"Thomas",THOMAS,2013-14,2024-25,5,67
thomas-jefferson,"Thomas Jefferson",TJ,2013-14,2013-14,1,6
thomas-more,"Thomas More",TM,2015-16,2015-16,1,17
thomas-univ,"Thomas Univ.",TU,2014-15,2019-20,5,61
tiffin,"Tiffin",TIFFIN,2014-15,2023-24,6,74
tmu,"TMU",TMU,2018-19,2024-25,4,58
toccoa-falls,"Toccoa Falls",TF,2011-12,2024-25,11,136
toledo,"Toledo",TOLEDO,2010-11,2025-26,16,226
tougaloo,"Tougaloo",TOUGAL,2013-14,2019-20,5,58
towson,"Towson",TOWSON,2010-11,2025-26,16,244
transylvania,"Transylvania",TRANSY,2014-15,2020-21,2,31
trevecca,"Trevecca",TREVEC,2018-19,2023-24,4,59
trevecca-naz,"Trevecca Naz.",TN,2011-12,2017-18,5,63
trinity-baptist,"Trinity Baptist",TB,2011-12,2024-25,10,160
trinity-christian,"Trinity Christian",TC,2012-13,2024-25,9,118
trinity-ct,"Trinity CT",TC,2023-24,2023-24,1,16
trinity-fl,"Trinity FL",TF,2013-14,2024-25,6,79
trinity-intern,"Trinity Intern.",TI,2014-15,2015-16,2,22
trinity-tx,"Trinity TX",TT,2013-14,2024-25,5,76
troy,"Troy",TROY,2010-11,2025-26,16,248
truett-mcconnell,"Truett-McConnell",TRUETT,2013-14,2016-17,4,58
truman-st,"Truman St.",TS,2013-14,2023-24,6,67
tulane,"Tulane",TULANE,2010-11,2025-26,16,259
tulsa,"Tulsa",TULSA,2010-11,2025-26,16,241
tusculum,"Tusculum",TUSCUL,2013-14,2024-25,8,103
tuskegee,"Tuskegee",TUSKEG,2012-13,2020-21,4,47
twu,"TWU",TWU,2019-20,2024-25,3,40
txwes,"TxWes",TXWES,2018-19,2024-25,3,32
uab,"UAB",UAB,2010-11,2025-26,16,235
uafs,"UAFS",UAFS,2023-24,2023-24,1,10
ualr,"UALR",UALR,2010-11,2025-26,16,230
uam,"UAM",UAM,2018-19,2019-20,2,21
uapb,"UAPB",UAPB,2018-19,2025-26,8,119
uc-davis,"UC Davis",UD,2018-19,2025-26,8,104
uc-irvine,"UC Irvine",UI,2018-19,2025-26,8,101
uc-merced,"UC Merced",UM,2018-19,2023-24,3,42
uc-riverside,"UC Riverside",UR,2018-19,2025-26,8,97
uc-santa-cruz,"UC Santa Cruz",USC,2018-19,2019-20,2,27
uccs,"UCCS",UCCS,2024-25,2024-25,1,11
ucf,"UCF",UCF,2018-19,2025-26,8,99
ucla,"UCLA",UCLA,2010-11,2025-26,16,241
uco,"UCO",UCO,2019-20,2019-20,1,11
uconn,"UConn",UCONN,2018-19,2025-26,8,99
ucsb,"UCSB",UCSB,2010-11,2025-26,16,267
ucsd,"UCSD",UCSD,2020-21,2025-26,6,75
udc,"UDC",UDC,2024-25,2024-25,1,12
uftl,"UFTL",UFTL,2023-24,2024-25,2,24
uhsp,"UHSP",UHSP,2023-24,2024-25,2,24
uic,"UIC",UIC,2018-19,2025-26,8,96
uis,"UIS",UIS,2019-20,2019-20,1,11
uiw,"UIW",UIW,2018-19,2025-26,8,104
ulm,"ULM",ULM,2018-19,2025-26,8,103
um-dearborn,"UM-Dearborn",UM-DEA,2019-20,2019-20,1,13
umass,"UMass",UMASS,2018-19,2025-26,8,110
umass-boston,"UMass Boston",UB,2018-19,2024-25,4,54
umass-lowell,"UMass Lowell",UL,2018-19,2025-26,8,96
umbc,"UMBC",UMBC,2010-11,2025-26,16,239
umc,"UMC",UMC,2024-25,2024-25,1,10
umes,"UMES",UMES,2018-19,2025-26,7,92
umfk,"UMFK",UMFK,2018-19,2024-25,2,24
umhb,"UMHB",UMHB,2020-21,2020-21,1,17
umkc,"UMKC",UMKC,2010-11,2025-26,16,245
umpi,"UMPI",UMPI,2023-24,2023-24,1,13
umsl,"UMSL",UMSL,2019-20,2019-20,1,12
umw,"UMW",UMW,2018-19,2020-21,3,29
unc,"UNC",UNC,2018-19,2025-26,8,115
unc-asheville,"UNC Asheville",UA,2018-19,2025-26,8,105
unc-pembroke,"UNC Pembroke",UP,2011-12,2011-12,1,12
uncg,"UNCG",UNCG,2018-19,2025-26,8,104
uncw,"UNCW",UNCW,2018-19,2025-26,8,105
unf,"UNF",UNF,2018-19,2025-26,8,94
unh,"UNH",UNH,2018-19,2025-26,8,90
uni,"UNI",UNI,2018-19,2025-26,8,103
union-ky,"Union KY",UK,2012-13,2012-13,1,15
union-ny,"Union NY",UN,2016-17,2016-17,1,16
union-tn,"Union TN",UT,2015-16,2024-25,3,30
univ-sciences,"Univ.Sciences",UNIV.S,2014-15,2014-15,1,8
unk,"UNK",UNK,2019-20,2019-20,1,10
unlv,"UNLV",UNLV,2010-11,2025-26,16,236
unoh,"UNOH",UNOH,2018-19,2019-20,2,24
unt-dallas,"UNT Dallas",UD,2023-24,2024-25,2,25
upper-iowa,"Upper Iowa",UI,2011-12,2011-12,1,14
urbana,"Urbana",URBANA,2011-12,2019-20,8,89
uri,"URI",URI,2018-19,2025-26,8,93
ursinus,"Ursinus",URSINU,2013-14,2015-16,2,20
usa,"USA",USA,2018-19,2025-26,8,87
usao,"USAO",USAO,2023-24,2023-24,1,17
usc,"USC",USC,2010-11,2025-26,16,248
usc-upstate,"USC Upstate",UU,2010-11,2025-26,16,235
usf,"USF",USF,2010-11,2025-26,16,248
usmma,"USMMA",USMMA,2019-20,2024-25,4,34
ut-arlington,"UT Arlington",UA,2018-19,2025-26,8,100
ut-dallas,"UT Dallas",UD,2019-20,2024-25,2,31
ut-martin,"UT Martin",UM,2018-19,2025-26,8,101
ut-southern,"UT Southern",US,2018-19,2019-20,2,22
ut-tyler,"UT Tyler",UT,2018-19,2023-24,2,30
utah,"Utah",UTAH,2010-11,2025-26,16,256
utah-st,"Utah St.",US,2010-11,2025-26,16,239
utah-tech,"Utah Tech",UT,2022-23,2025-26,4,52
utah-valley,"Utah Valley",UV,2010-11,2025-26,16,236
utep,"UTEP",UTEP,2010-11,2025-26,16,249
utica,"Utica",UTICA,2015-16,2015-16,1,13
utpb,"UTPB",UTPB,2018-19,2024-25,4,44
utrgv,"UTRGV",UTRGV,2010-11,2025-26,16,264
utsa,"UTSA",UTSA,2010-11,2025-26,16,243
uva-wise,"UVA Wise",UW,2019-20,2024-25,2,18
uvf,"UVF",UVF,2019-20,2024-25,2,32
uvi,"UVI",UVI,2018-19,2018-19,1,11
uw-parkside,"UW-Parkside",UW-PAR,2018-19,2018-19,1,14
uw-river-falls,"UW-River Falls",UF,2023-24,2023-24,1,21
uw-stout,"UW-Stout",UW-STO,2018-19,2024-25,4,70
uwa,"UWA",UWA,2018-19,2018-19,1,10
uwg,"UWG",UWG,2024-25,2025-26,2,25
va-intermont,"Va Intermont",VI,2011-12,2013-14,2,21
va-lynchburg,"Va.Lynchburg",VA.LYN,2013-14,2024-25,4,54
valley-city-st,"Valley City St.",VCS,2011-12,2017-18,4,49
valley-forge,"Valley Forge",VF,2016-17,2017-18,2,22
valparaiso,"Valparaiso",VALPAR,2010-11,2017-18,8,136
valpo,"Valpo",VALPO,2018-19,2025-26,8,108
vanderbilt,"Vanderbilt",VANDER,2010-11,2025-26,16,254
vanguard,"Vanguard",VANGUA,2011-12,2023-24,9,103
vassar,"Vassar",VASSAR,2023-24,2023-24,1,14
vcsu,"VCSU",VCSU,2023-24,2023-24,1,10
vcu,"VCU",VCU,2010-11,2025-26,16,235
vermont,"Vermont",VERMON,2010-11,2025-26,16,248
victory,"Victory",VICTOR,2011-12,2011-12,1,12
villanova,"Villanova",VILLAN,2010-11,2025-26,16,229
virginia,"Virginia",VIRGIN,2010-11,2025-26,16,250
virginia-tech,"Virginia Tech",VT,2010-11,2025-26,16,231
virginia-union,"Virginia Union",VU,2013-14,2013-14,1,11
virginia-wise,"Virginia-Wise",VIRGIN,2011-12,2016-17,4,44
viterbo,"Viterbo",VITERB,2013-14,2013-14,1,14
vmi,"VMI",VMI,2010-11,2025-26,16,208
voorhees,"Voorhees",VOORHE,2013-14,2024-25,6,70
vtsu-johnson,"VTSU Johnson",VJ,2023-24,2024-25,2,25
vtsu-lyndon,"VTSU Lyndon",VL,2023-24,2024-25,2,34
vtsu-randolph,"VTSU Randolph",VR,2024-25,2024-25,1,15
vwu,"VWU",VWU,2020-21,2024-25,3,41
w-alabama,"W.Alabama",W.ALAB,2011-12,2013-14,2,22
w-c-baptist,"W.C.Baptist",W.C.BA,2016-17,2019-20,4,52
w-carolina,"W.Carolina",W.CARO,2010-11,2017-18,8,149
w-illinois,"W.Illinois",W.ILLI,2010-11,2025-26,16,243
w-kentucky,"W.Kentucky",W.KENT,2010-11,2017-18,8,154
w-michigan,"W.Michigan",W.MICH,2010-11,2025-26,16,252
w-new-england,"W.New England",WE,2016-17,2023-24,3,45
w-new-mexico,"W.New Mexico",WM,2011-12,2017-18,3,32
w-oregon,"W.Oregon",W.OREG,2011-12,2016-17,3,35
w-virg-wesl,"W.Virg.Wesl.",W.VIRG,2013-14,2016-17,2,22
w-virginia,"W.Virginia",W.VIRG,2010-11,2017-18,8,147
w-virginia-tech,"W.Virginia Tech",WT,2011-12,2015-16,4,42
wabash,"Wabash",WABASH,2016-17,2018-19,2,29
wagner,"Wagner",WAGNER,2010-11,2025-26,16,228
wake-forest,"Wake Forest",WF,2010-11,2025-26,16,280
waldorf,"Waldorf",WALDOR,2011-12,2024-25,6,74
walla-walla,"Walla Walla",WW,2011-12,2024-25,9,113
warner,"Warner",WARNER,2011-12,2024-25,6,65
warren-wilson,"Warren Wilson",WW,2011-12,2023-24,8,89
wartburg,"Wartburg",WARTBU,2017-18,2017-18,1,18
wash-adventist,"Wash.Adventist",WASH.A,2011-12,2017-18,3,31
washburn,"Washburn",WASHBU,2011-12,2020-21,2,23
washington,"Washington",WASHIN,2010-11,2025-26,16,367
washington-lee,"Washington & Lee",W&L,2013-14,2013-14,1,11
washington-st,"Washington St.",WS,2010-11,2017-18,8,145
wau,"WAU",WAU,2018-19,2024-25,3,30
wayland-baptist,"Wayland Baptist",WB,2013-14,2017-18,4,47
wayne-st-ne,"Wayne St. NE",WSN,2013-14,2016-17,4,44
wbu,"WBU",WBU,2018-19,2019-20,2,37
wcu,"WCU",WCU,2018-19,2025-26,8,134
webber,"Webber",WEBBER,2018-19,2024-25,3,34
webber-intern,"Webber Intern.",WI,2011-12,2017-18,6,78
weber-st,"Weber St.",WS,2010-11,2025-26,16,239
welch,"Welch",WELCH,2018-19,2018-19,1,10
wells,"Wells",WELLS,2023-24,2023-24,1,16
wentworth,"Wentworth",WENTWO,2011-12,2023-24,5,68
wesley,"Wesley",WESLEY,2011-12,2019-20,5,67
westcliff,"Westcliff",WESTCL,2018-19,2024-25,4,59
western-st,"Western St.",WS,2011-12,2019-20,8,97
westfield-st,"Westfield St.",WS,2023-24,2023-24,1,12
westminster-mo,"Westminster MO",WM,2015-16,2024-25,2,35
westminster-pa,"Westminster PA",WP,2013-14,2023-24,7,107
westminster-ut,"Westminster UT",WU,2011-12,2024-25,5,61
westmont,"Westmont",WESTMO,2011-12,2023-24,5,56
wheaton-ma,"Wheaton MA",WM,2017-18,2017-18,1,13
wheelock,"Wheelock",WHEELO,2013-14,2017-18,5,60
whittier,"Whittier",WHITTI,2012-13,2024-25,5,55
whitworth,"Whitworth",WHITWO,2017-18,2020-21,2,23
wichita-st,"Wichita St.",WS,2010-11,2025-26,16,250
widener,"Widener",WIDENE,2015-16,2019-20,2,27
wilberforce,"Wilberforce",WILBER,2011-12,2023-24,5,67
wiley,"Wiley",WILEY,2011-12,2023-24,7,81
wilkes,"Wilkes",WILKES,2023-24,2023-24,1,14
willamette,"Willamette",WILLAM,2011-12,2024-25,8,112
william-carey,"William Carey",WC,2012-13,2024-25,10,117
william-jessup,"William Jessup",WJ,2013-14,2020-21,6,80
william-jewell,"William Jewell",WJ,2014-15,2020-21,5,61
william-mary,"William & Mary",W&M,2010-11,2025-26,16,245
william-peace,"William Peace",WP,2014-15,2024-25,7,111
william-woods,"William Woods",WW,2015-16,2015-16,1,12
williams-baptist,"Williams Baptist",WB,2015-16,2017-18,3,36
wilmington-de,"Wilmington DE",WD,2012-13,2016-17,3,31
wilmington-oh,"Wilmington OH",WO,2011-12,2018-19,5,71
wilmu,"WILMU",WILMU,2018-19,2018-19,1,12
wilson,"Wilson",WILSON,2018-19,2018-19,1,9
wingate,"Wingate",WINGAT,2013-14,2020-21,2,24
winston-salem,"Winston Salem",WS,2012-13,2012-13,1,11
winthrop,"Winthrop",WINTHR,2010-11,2025-26,16,258
wisc-la-crosse,"Wisc.-La Crosse",WC,2017-18,2017-18,1,10
wisc-lutheran,"Wisc.Lutheran",WISC.L,2018-19,2019-20,2,38
wisc-milwaukee,"Wisc.-Milwaukee",WISC.-,2010-11,2017-18,8,152
wisc-parkside,"Wisc.-Parkside",WISC.-,2013-14,2017-18,2,22
wisc-superior,"Wisc.-Superior",WISC.-,2015-16,2015-16,1,15
wisconsin,"Wisconsin",WISCON,2010-11,2025-26,16,266
wittenberg,"Wittenberg",WITTEN,2013-14,2023-24,2,27
wku,"WKU",WKU,2018-19,2025-26,8,103
wlu,"WLU",WLU,2023-24,2023-24,1,12
wnmu,"WNMU",WNMU,2019-20,2024-25,4,49
wofford,"Wofford",WOFFOR,2010-11,2025-26,16,250
worcester-st,"Worcester St.",WS,2015-16,2023-24,2,27
wou,"WOU",WOU,2023-24,2024-25,2,22
wpi,"WPI",WPI,2024-25,2024-25,1,12
wpu,"WPU",WPU,2020-21,2023-24,2,23
wright-st,"Wright St.",WS,2010-11,2025-26,16,235
wssu,"WSSU",WSSU,2018-19,2018-19,1,14
wsu,"WSU",WSU,2018-19,2025-26,8,89
wvu,"WVU",WVU,2018-19,2025-26,8,97
wvu-tech,"WVU Tech",WT,2020-21,2023-24,2,21
wvwc,"WVWC",WVWC,2024-25,2024-25,1,16
wwu,"WWU",WWU,2018-19,2024-25,3,34
wyoming,"Wyoming",WYOMIN,2010-11,2025-26,16,230
xavier,"Xavier",XAVIER,2010-11,2025-26,16,248
xavier-la,"Xavier LA",XL,2016-17,2024-25,4,44
yale,"Yale",YALE,2010-11,2025-26,15,267
yellowstone-chr,"Yellowstone Chr.",YC,2020-21,2020-21,1,9
york-ne,"York NE",YN,2015-16,2024-25,3,45
york-ny,"York NY",YN,2024-25,2024-25,1,12
york-pa,"York PA",YP,2017-18,2017-18,1,14
young-harris,"Young Harris",YH,2013-14,2014-15,2,17
youngstown-st,"Youngstown St.",YS,2010-11,2017-18,8,141
ysu,"YSU",YSU,2018-19,2025-26,8,104
